-- phpMyAdmin SQL Dump
-- version 4.9.5
-- https://www.phpmyadmin.net/
--
-- Servidor: 127.0.0.1:3306
-- Tiempo de generación: 17-10-2021 a las 04:06:53
-- Versión del servidor: 10.5.12-MariaDB-cll-lve
-- Versión de PHP: 7.2.34

SET SQL_MODE = "NO_AUTO_VALUE_ON_ZERO";
SET AUTOCOMMIT = 0;
START TRANSACTION;
SET time_zone = "+00:00";


/*!40101 SET @OLD_CHARACTER_SET_CLIENT=@@CHARACTER_SET_CLIENT */;
/*!40101 SET @OLD_CHARACTER_SET_RESULTS=@@CHARACTER_SET_RESULTS */;
/*!40101 SET @OLD_COLLATION_CONNECTION=@@COLLATION_CONNECTION */;
/*!40101 SET NAMES utf8mb4 */;

--
-- Base de datos: `u648437711_cupones`
--

-- --------------------------------------------------------

--
-- Estructura de tabla para la tabla `files`
--

CREATE TABLE `files` (
  `id` int(11) NOT NULL COMMENT 'Primary Key',
  `name` varchar(100) NOT NULL COMMENT 'Name',
  `type` varchar(255) NOT NULL COMMENT 'file type',
  `created_at` varchar(20) NOT NULL COMMENT 'Created date'
) ENGINE=InnoDB DEFAULT CHARSET=latin1 COMMENT='demo table';

--
-- Volcado de datos para la tabla `files`
--

INSERT INTO `files` (`id`, `name`, `type`, `created_at`) VALUES
(1, 'color7.jpg', 'image/jpeg', ''),
(2, 'color6.jpg', 'image/jpeg', ''),
(3, 'color6.jpg', 'image/jpeg', ''),
(4, 'color7.jpg', 'image/jpeg', ''),
(5, 'color6.jpg', 'image/jpeg', ''),
(6, 'color6.jpg', 'image/jpeg', ''),
(7, 'color9.jpg', 'image/jpeg', ''),
(8, '4.png', 'image/png', '');

-- --------------------------------------------------------

--
-- Estructura de tabla para la tabla `tblcanje_oferta`
--

CREATE TABLE `tblcanje_oferta` (
  `id_canje_oferta` int(11) NOT NULL,
  `usuario_canje` varchar(255) NOT NULL,
  `id_oferta` int(11) NOT NULL,
  `id_compra_general` int(11) NOT NULL,
  `cantidad` int(11) NOT NULL,
  `created_at` datetime NOT NULL DEFAULT current_timestamp(),
  `updated_at` datetime NOT NULL DEFAULT current_timestamp(),
  `deleted_at` datetime DEFAULT NULL
) ENGINE=InnoDB DEFAULT CHARSET=utf8mb4;

-- --------------------------------------------------------

--
-- Estructura de tabla para la tabla `tblcarrito`
--

CREATE TABLE `tblcarrito` (
  `id_carrito` int(11) NOT NULL,
  `id_cliente` int(11) NOT NULL,
  `id_oferta` int(11) NOT NULL,
  `cantidad` int(11) NOT NULL,
  `created_at` datetime NOT NULL DEFAULT current_timestamp(),
  `updated_at` datetime NOT NULL DEFAULT current_timestamp(),
  `deleted_at` datetime DEFAULT NULL
) ENGINE=InnoDB DEFAULT CHARSET=utf8mb4 COLLATE=utf8mb4_unicode_ci;

--
-- Volcado de datos para la tabla `tblcarrito`
--

INSERT INTO `tblcarrito` (`id_carrito`, `id_cliente`, `id_oferta`, `cantidad`, `created_at`, `updated_at`, `deleted_at`) VALUES
(45, 5, 73, 1, '2021-10-15 03:24:52', '2021-10-15 03:24:52', NULL),
(46, 5, 7, 1, '2021-10-15 03:33:11', '2021-10-15 03:33:11', NULL),
(47, 5, 48, 1, '2021-10-15 03:33:21', '2021-10-15 03:33:21', NULL),
(48, 5, 64, 1, '2021-10-15 03:33:27', '2021-10-15 03:33:27', NULL),
(49, 5, 63, 1, '2021-10-15 03:33:35', '2021-10-15 03:33:35', NULL);

-- --------------------------------------------------------

--
-- Estructura de tabla para la tabla `tblcliente`
--

CREATE TABLE `tblcliente` (
  `id_cliente` int(11) NOT NULL,
  `nombre` varchar(75) NOT NULL,
  `direccion` varchar(250) NOT NULL,
  `telefono1` varchar(10) NOT NULL,
  `correo` varchar(150) NOT NULL,
  `fecha_nacimiento` date NOT NULL,
  `dui` varchar(12) NOT NULL,
  `created_at` datetime NOT NULL DEFAULT current_timestamp(),
  `updated_at` datetime NOT NULL DEFAULT current_timestamp(),
  `deleted_at` datetime DEFAULT NULL
) ENGINE=InnoDB DEFAULT CHARSET=utf8mb4;

--
-- Volcado de datos para la tabla `tblcliente`
--

INSERT INTO `tblcliente` (`id_cliente`, `nombre`, `direccion`, `telefono1`, `correo`, `fecha_nacimiento`, `dui`, `created_at`, `updated_at`, `deleted_at`) VALUES
(4, 'Fredy Benitez', 'Colonia Gavidia', '7875-9566', 'fredymauricio.benitez.orellaana@gmail.com', '2021-10-01', '65412598-8', '2021-10-12 23:13:53', '2021-10-12 23:13:53', NULL),
(5, 'BLANCA ', 'san miguel', '5555-5555', 'blanca_28guardado@hotmail.com', '1992-06-17', '456987552-5', '2021-10-13 02:11:22', '2021-10-13 02:11:22', NULL),
(6, 'Abigail ', 'Alegria', '70138624', 'mendezabigail231@gmail.com', '2000-09-24', '264659-8', '2021-10-13 02:27:51', '2021-10-13 02:27:51', NULL),
(7, 'Roxana Argueta ', 'San Miguel ', '7746-3357', 'soyingrid.1977@gmail.com', '1997-09-11', '05592663-2', '2021-10-14 21:05:32', '2021-10-14 21:05:32', NULL),
(8, 'Elias Gonzalez', 'Barrio la merced', '7924-8817', 'eliasjoseph0097@gmail.com', '1997-09-25', '98989890-9', '2021-10-15 03:07:54', '2021-10-15 03:07:54', NULL),
(9, 'Tatiana García', 'Prados de San Miguel psje. 11C Av. La Esperanza casa #26 ', '77345719', 'tatiana_2497@hotmail.com', '1997-06-24', '055470527', '2021-10-16 08:15:25', '2021-10-16 08:15:25', NULL),
(10, 'Fredy Mauricio Benitez Orellana', 'Colonia Gavidia 10 Av. Norte', '7775-3025', 'fredymauricio.benitez.orellana@gmail.com', '1997-11-20', '05659985-9', '2021-10-17 03:50:10', '2021-10-17 03:50:10', NULL);

-- --------------------------------------------------------

--
-- Estructura de tabla para la tabla `tblcompra_detalle`
--

CREATE TABLE `tblcompra_detalle` (
  `id_compra_detalle` int(11) NOT NULL,
  `id_compra_especifica` int(11) NOT NULL,
  `id_oferta` int(11) NOT NULL,
  `precio_unitario` decimal(18,4) NOT NULL,
  `cantidad` int(11) NOT NULL,
  `canjeada` tinyint(11) NOT NULL,
  `total_compra` decimal(18,4) NOT NULL,
  `created_at` datetime NOT NULL DEFAULT current_timestamp(),
  `update_at` datetime NOT NULL DEFAULT current_timestamp(),
  `deleted_at` datetime DEFAULT NULL
) ENGINE=InnoDB DEFAULT CHARSET=utf8mb4;

--
-- Volcado de datos para la tabla `tblcompra_detalle`
--

INSERT INTO `tblcompra_detalle` (`id_compra_detalle`, `id_compra_especifica`, `id_oferta`, `precio_unitario`, `cantidad`, `canjeada`, `total_compra`, `created_at`, `update_at`, `deleted_at`) VALUES
(1, 1, 1, '11.0000', 1, 0, '11.0000', '2021-09-29 15:00:32', '2021-09-29 15:00:32', NULL),
(2, 2, 1, '2.2500', 1, 1, '2.2500', '2021-10-13 18:34:22', '2021-10-13 18:34:22', NULL),
(3, 3, 4, '2.0000', 1, 0, '2.0000', '2021-10-13 18:34:22', '2021-10-13 18:34:22', NULL),
(4, 4, 8, '79.9900', 1, 0, '79.9900', '2021-10-13 18:34:22', '2021-10-13 18:34:22', NULL),
(5, 5, 13, '42.5000', 2, 0, '85.0000', '2021-10-13 18:34:22', '2021-10-13 18:34:22', NULL),
(6, 6, 48, '42.5000', 6, 0, '255.0000', '2021-10-13 18:34:22', '2021-10-13 18:34:22', NULL),
(7, 7, 50, '350.0000', 3, 0, '1050.0000', '2021-10-13 18:34:22', '2021-10-13 18:34:22', NULL),
(8, 8, 61, '56.2500', 3, 0, '168.7500', '2021-10-13 18:34:22', '2021-10-13 18:34:22', NULL),
(9, 9, 73, '6.2500', 6, 0, '37.5000', '2021-10-13 18:34:22', '2021-10-13 18:34:22', NULL),
(10, 10, 1, '2.2500', 1, 0, '2.2500', '2021-10-13 19:07:37', '2021-10-13 19:07:37', NULL),
(11, 11, 4, '2.0000', 1, 0, '2.0000', '2021-10-13 19:07:37', '2021-10-13 19:07:37', NULL),
(12, 12, 8, '79.9900', 1, 0, '79.9900', '2021-10-13 19:07:37', '2021-10-13 19:07:37', NULL),
(13, 13, 13, '42.5000', 2, 0, '85.0000', '2021-10-13 19:07:37', '2021-10-13 19:07:37', NULL),
(14, 14, 48, '42.5000', 6, 0, '255.0000', '2021-10-13 19:07:37', '2021-10-13 19:07:37', NULL),
(15, 15, 50, '350.0000', 3, 0, '1050.0000', '2021-10-13 19:07:37', '2021-10-13 19:07:37', NULL),
(16, 16, 61, '56.2500', 3, 0, '168.7500', '2021-10-13 19:07:37', '2021-10-13 19:07:37', NULL),
(17, 17, 73, '6.2500', 6, 0, '37.5000', '2021-10-13 19:07:37', '2021-10-13 19:07:37', NULL),
(18, 18, 1, '2.2500', 1, 0, '2.2500', '2021-10-13 19:08:36', '2021-10-13 19:08:36', NULL),
(19, 19, 4, '2.0000', 1, 0, '2.0000', '2021-10-13 19:08:36', '2021-10-13 19:08:36', NULL),
(20, 20, 8, '79.9900', 1, 0, '79.9900', '2021-10-13 19:08:36', '2021-10-13 19:08:36', NULL),
(21, 21, 13, '42.5000', 2, 0, '85.0000', '2021-10-13 19:08:36', '2021-10-13 19:08:36', NULL),
(22, 22, 48, '42.5000', 6, 0, '255.0000', '2021-10-13 19:08:36', '2021-10-13 19:08:36', NULL),
(23, 23, 50, '350.0000', 3, 0, '1050.0000', '2021-10-13 19:08:36', '2021-10-13 19:08:36', NULL),
(24, 24, 61, '56.2500', 3, 0, '168.7500', '2021-10-13 19:08:36', '2021-10-13 19:08:36', NULL),
(25, 25, 73, '6.2500', 6, 0, '37.5000', '2021-10-13 19:08:36', '2021-10-13 19:08:36', NULL),
(26, 26, 1, '2.2500', 1, 0, '2.2500', '2021-10-14 04:05:38', '2021-10-14 04:05:38', NULL),
(27, 27, 4, '2.0000', 1, 0, '2.0000', '2021-10-14 04:05:38', '2021-10-14 04:05:38', NULL),
(28, 28, 8, '79.9900', 1, 0, '79.9900', '2021-10-14 04:05:38', '2021-10-14 04:05:38', NULL),
(29, 29, 13, '42.5000', 2, 0, '85.0000', '2021-10-14 04:05:38', '2021-10-14 04:05:38', NULL),
(30, 30, 48, '42.5000', 6, 0, '255.0000', '2021-10-14 04:05:38', '2021-10-14 04:05:38', NULL),
(31, 31, 50, '350.0000', 3, 0, '1050.0000', '2021-10-14 04:05:38', '2021-10-14 04:05:38', NULL),
(32, 32, 61, '56.2500', 3, 0, '168.7500', '2021-10-14 04:05:38', '2021-10-14 04:05:38', NULL),
(33, 33, 73, '6.2500', 6, 0, '37.5000', '2021-10-14 04:05:38', '2021-10-14 04:05:38', NULL),
(34, 34, 1, '2.2500', 1, 0, '2.2500', '2021-10-14 10:07:11', '2021-10-14 10:07:11', NULL),
(35, 35, 4, '2.0000', 1, 0, '2.0000', '2021-10-14 10:07:11', '2021-10-14 10:07:11', NULL),
(36, 36, 8, '79.9900', 1, 0, '79.9900', '2021-10-14 10:07:11', '2021-10-14 10:07:11', NULL),
(37, 37, 13, '42.5000', 2, 0, '85.0000', '2021-10-14 10:07:11', '2021-10-14 10:07:11', NULL),
(38, 38, 48, '42.5000', 6, 0, '255.0000', '2021-10-14 10:07:11', '2021-10-14 10:07:11', NULL),
(39, 39, 50, '350.0000', 3, 0, '1050.0000', '2021-10-14 10:07:11', '2021-10-14 10:07:11', NULL),
(40, 40, 61, '56.2500', 3, 0, '168.7500', '2021-10-14 10:07:11', '2021-10-14 10:07:11', NULL),
(41, 41, 73, '6.2500', 6, 0, '37.5000', '2021-10-14 10:07:11', '2021-10-14 10:07:11', NULL),
(42, 42, 1, '2.2500', 1, 0, '2.2500', '2021-10-14 11:34:47', '2021-10-14 11:34:47', NULL),
(43, 43, 4, '2.0000', 1, 0, '2.0000', '2021-10-14 11:34:47', '2021-10-14 11:34:47', NULL),
(44, 44, 8, '79.9900', 1, 0, '79.9900', '2021-10-14 11:34:47', '2021-10-14 11:34:47', NULL),
(45, 45, 13, '42.5000', 2, 0, '85.0000', '2021-10-14 11:34:47', '2021-10-14 11:34:47', NULL),
(46, 46, 48, '42.5000', 6, 0, '255.0000', '2021-10-14 11:34:47', '2021-10-14 11:34:47', NULL),
(47, 47, 50, '350.0000', 3, 0, '1050.0000', '2021-10-14 11:34:47', '2021-10-14 11:34:47', NULL),
(48, 48, 61, '56.2500', 3, 0, '168.7500', '2021-10-14 11:34:47', '2021-10-14 11:34:47', NULL),
(49, 49, 73, '6.2500', 6, 0, '37.5000', '2021-10-14 11:34:47', '2021-10-14 11:34:47', NULL),
(50, 50, 1, '2.2500', 1, 0, '2.2500', '2021-10-14 11:35:37', '2021-10-14 11:35:37', NULL),
(51, 51, 4, '2.0000', 1, 0, '2.0000', '2021-10-14 11:35:37', '2021-10-14 11:35:37', NULL),
(52, 52, 8, '79.9900', 1, 0, '79.9900', '2021-10-14 11:35:37', '2021-10-14 11:35:37', NULL),
(53, 53, 13, '42.5000', 2, 0, '85.0000', '2021-10-14 11:35:37', '2021-10-14 11:35:37', NULL),
(54, 54, 48, '42.5000', 6, 0, '255.0000', '2021-10-14 11:35:37', '2021-10-14 11:35:37', NULL),
(55, 55, 50, '350.0000', 3, 0, '1050.0000', '2021-10-14 11:35:37', '2021-10-14 11:35:37', NULL),
(56, 56, 61, '56.2500', 3, 0, '168.7500', '2021-10-14 11:35:37', '2021-10-14 11:35:37', NULL),
(57, 57, 73, '6.2500', 6, 0, '37.5000', '2021-10-14 11:35:37', '2021-10-14 11:35:37', NULL),
(58, 58, 1, '2.2500', 1, 0, '2.2500', '2021-10-14 11:36:27', '2021-10-14 11:36:27', NULL),
(59, 59, 4, '2.0000', 1, 0, '2.0000', '2021-10-14 11:36:27', '2021-10-14 11:36:27', NULL),
(60, 60, 8, '79.9900', 1, 0, '79.9900', '2021-10-14 11:36:27', '2021-10-14 11:36:27', NULL),
(61, 61, 13, '42.5000', 2, 0, '85.0000', '2021-10-14 11:36:27', '2021-10-14 11:36:27', NULL),
(62, 62, 48, '42.5000', 6, 0, '255.0000', '2021-10-14 11:36:27', '2021-10-14 11:36:27', NULL),
(63, 63, 50, '350.0000', 3, 0, '1050.0000', '2021-10-14 11:36:27', '2021-10-14 11:36:27', NULL),
(64, 64, 61, '56.2500', 3, 0, '168.7500', '2021-10-14 11:36:27', '2021-10-14 11:36:27', NULL),
(65, 65, 73, '6.2500', 6, 0, '37.5000', '2021-10-14 11:36:27', '2021-10-14 11:36:27', NULL),
(66, 66, 1, '2.2500', 1, 0, '2.2500', '2021-10-14 12:35:35', '2021-10-14 12:35:35', NULL),
(67, 67, 4, '2.0000', 1, 0, '2.0000', '2021-10-14 12:35:35', '2021-10-14 12:35:35', NULL),
(68, 68, 8, '79.9900', 1, 0, '79.9900', '2021-10-14 12:35:35', '2021-10-14 12:35:35', NULL),
(69, 69, 13, '42.5000', 2, 0, '85.0000', '2021-10-14 12:35:35', '2021-10-14 12:35:35', NULL),
(70, 70, 48, '42.5000', 6, 0, '255.0000', '2021-10-14 12:35:35', '2021-10-14 12:35:35', NULL),
(71, 71, 50, '350.0000', 3, 0, '1050.0000', '2021-10-14 12:35:35', '2021-10-14 12:35:35', NULL),
(72, 72, 61, '56.2500', 3, 0, '168.7500', '2021-10-14 12:35:35', '2021-10-14 12:35:35', NULL),
(73, 73, 73, '6.2500', 6, 0, '37.5000', '2021-10-14 12:35:35', '2021-10-14 12:35:35', NULL),
(74, 74, 1, '2.2500', 1, 0, '2.2500', '2021-10-14 12:38:53', '2021-10-14 12:38:53', NULL),
(75, 75, 4, '2.0000', 1, 0, '2.0000', '2021-10-14 12:38:53', '2021-10-14 12:38:53', NULL),
(76, 76, 8, '79.9900', 1, 0, '79.9900', '2021-10-14 12:38:53', '2021-10-14 12:38:53', NULL),
(77, 77, 13, '42.5000', 2, 0, '85.0000', '2021-10-14 12:38:53', '2021-10-14 12:38:53', NULL),
(78, 78, 48, '42.5000', 6, 0, '255.0000', '2021-10-14 12:38:53', '2021-10-14 12:38:53', NULL),
(79, 79, 50, '350.0000', 3, 0, '1050.0000', '2021-10-14 12:38:53', '2021-10-14 12:38:53', NULL),
(80, 80, 61, '56.2500', 3, 0, '168.7500', '2021-10-14 12:38:53', '2021-10-14 12:38:53', NULL),
(81, 81, 73, '6.2500', 6, 0, '37.5000', '2021-10-14 12:38:53', '2021-10-14 12:38:53', NULL),
(82, 82, 1, '2.2500', 1, 0, '2.2500', '2021-10-14 12:40:37', '2021-10-14 12:40:37', NULL),
(83, 83, 4, '2.0000', 1, 0, '2.0000', '2021-10-14 12:40:37', '2021-10-14 12:40:37', NULL),
(84, 84, 8, '79.9900', 1, 0, '79.9900', '2021-10-14 12:40:37', '2021-10-14 12:40:37', NULL),
(85, 85, 13, '42.5000', 2, 0, '85.0000', '2021-10-14 12:40:37', '2021-10-14 12:40:37', NULL),
(86, 86, 48, '42.5000', 6, 0, '255.0000', '2021-10-14 12:40:37', '2021-10-14 12:40:37', NULL),
(87, 87, 50, '350.0000', 3, 0, '1050.0000', '2021-10-14 12:40:37', '2021-10-14 12:40:37', NULL),
(88, 88, 61, '56.2500', 3, 0, '168.7500', '2021-10-14 12:40:37', '2021-10-14 12:40:37', NULL),
(89, 89, 73, '6.2500', 6, 0, '37.5000', '2021-10-14 12:40:37', '2021-10-14 12:40:37', NULL),
(90, 90, 1, '2.2500', 1, 0, '2.2500', '2021-10-14 12:41:02', '2021-10-14 12:41:02', NULL),
(91, 91, 4, '2.0000', 1, 0, '2.0000', '2021-10-14 12:41:02', '2021-10-14 12:41:02', NULL),
(92, 92, 8, '79.9900', 1, 0, '79.9900', '2021-10-14 12:41:02', '2021-10-14 12:41:02', NULL),
(93, 93, 13, '42.5000', 2, 0, '85.0000', '2021-10-14 12:41:02', '2021-10-14 12:41:02', NULL),
(94, 94, 48, '42.5000', 6, 0, '255.0000', '2021-10-14 12:41:02', '2021-10-14 12:41:02', NULL),
(95, 95, 50, '350.0000', 3, 0, '1050.0000', '2021-10-14 12:41:02', '2021-10-14 12:41:02', NULL),
(96, 96, 61, '56.2500', 3, 0, '168.7500', '2021-10-14 12:41:02', '2021-10-14 12:41:02', NULL),
(97, 97, 73, '6.2500', 6, 0, '37.5000', '2021-10-14 12:41:02', '2021-10-14 12:41:02', NULL),
(98, 98, 1, '2.2500', 1, 0, '2.2500', '2021-10-14 12:41:33', '2021-10-14 12:41:33', NULL),
(99, 99, 4, '2.0000', 1, 0, '2.0000', '2021-10-14 12:41:33', '2021-10-14 12:41:33', NULL),
(100, 100, 8, '79.9900', 1, 0, '79.9900', '2021-10-14 12:41:33', '2021-10-14 12:41:33', NULL),
(101, 101, 13, '42.5000', 2, 0, '85.0000', '2021-10-14 12:41:33', '2021-10-14 12:41:33', NULL),
(102, 102, 48, '42.5000', 6, 0, '255.0000', '2021-10-14 12:41:33', '2021-10-14 12:41:33', NULL),
(103, 103, 50, '350.0000', 3, 0, '1050.0000', '2021-10-14 12:41:33', '2021-10-14 12:41:33', NULL),
(104, 104, 61, '56.2500', 3, 0, '168.7500', '2021-10-14 12:41:33', '2021-10-14 12:41:33', NULL),
(105, 105, 73, '6.2500', 6, 0, '37.5000', '2021-10-14 12:41:33', '2021-10-14 12:41:33', NULL),
(106, 106, 1, '2.2500', 1, 0, '2.2500', '2021-10-14 12:44:51', '2021-10-14 12:44:51', NULL),
(107, 107, 4, '2.0000', 1, 0, '2.0000', '2021-10-14 12:44:51', '2021-10-14 12:44:51', NULL),
(108, 108, 8, '79.9900', 1, 0, '79.9900', '2021-10-14 12:44:51', '2021-10-14 12:44:51', NULL),
(109, 109, 13, '42.5000', 2, 0, '85.0000', '2021-10-14 12:44:51', '2021-10-14 12:44:51', NULL),
(110, 110, 48, '42.5000', 6, 0, '255.0000', '2021-10-14 12:44:51', '2021-10-14 12:44:51', NULL),
(111, 111, 50, '350.0000', 3, 0, '1050.0000', '2021-10-14 12:44:51', '2021-10-14 12:44:51', NULL),
(112, 112, 61, '56.2500', 3, 0, '168.7500', '2021-10-14 12:44:51', '2021-10-14 12:44:51', NULL),
(113, 113, 73, '6.2500', 6, 0, '37.5000', '2021-10-14 12:44:51', '2021-10-14 12:44:51', NULL),
(114, 114, 1, '2.2500', 1, 0, '2.2500', '2021-10-14 12:52:27', '2021-10-14 12:52:27', NULL),
(115, 115, 4, '2.0000', 1, 0, '2.0000', '2021-10-14 12:52:27', '2021-10-14 12:52:27', NULL),
(116, 116, 8, '79.9900', 1, 0, '79.9900', '2021-10-14 12:52:27', '2021-10-14 12:52:27', NULL),
(117, 117, 13, '42.5000', 2, 0, '85.0000', '2021-10-14 12:52:27', '2021-10-14 12:52:27', NULL),
(118, 118, 48, '42.5000', 6, 0, '255.0000', '2021-10-14 12:52:27', '2021-10-14 12:52:27', NULL),
(119, 119, 50, '350.0000', 3, 0, '1050.0000', '2021-10-14 12:52:27', '2021-10-14 12:52:27', NULL),
(120, 120, 61, '56.2500', 3, 0, '168.7500', '2021-10-14 12:52:27', '2021-10-14 12:52:27', NULL),
(121, 121, 73, '6.2500', 6, 0, '37.5000', '2021-10-14 12:52:27', '2021-10-14 12:52:27', NULL),
(122, 122, 1, '2.2500', 1, 0, '2.2500', '2021-10-14 13:00:50', '2021-10-14 13:00:50', NULL),
(123, 123, 4, '2.0000', 1, 0, '2.0000', '2021-10-14 13:00:50', '2021-10-14 13:00:50', NULL),
(124, 124, 8, '79.9900', 1, 0, '79.9900', '2021-10-14 13:00:50', '2021-10-14 13:00:50', NULL),
(125, 125, 13, '42.5000', 2, 0, '85.0000', '2021-10-14 13:00:50', '2021-10-14 13:00:50', NULL),
(126, 126, 48, '42.5000', 6, 0, '255.0000', '2021-10-14 13:00:50', '2021-10-14 13:00:50', NULL),
(127, 127, 50, '350.0000', 3, 0, '1050.0000', '2021-10-14 13:00:50', '2021-10-14 13:00:50', NULL),
(128, 128, 61, '56.2500', 3, 0, '168.7500', '2021-10-14 13:00:50', '2021-10-14 13:00:50', NULL),
(129, 129, 73, '6.2500', 6, 0, '37.5000', '2021-10-14 13:00:50', '2021-10-14 13:00:50', NULL),
(130, 130, 2, '1.7500', 2, 0, '3.5000', '2021-10-14 21:17:25', '2021-10-14 21:17:25', NULL),
(131, 131, 3, '1.5000', 1, 0, '1.5000', '2021-10-14 21:17:25', '2021-10-14 21:17:25', NULL),
(132, 132, 64, '7.2000', 4, 0, '28.8000', '2021-10-14 21:17:25', '2021-10-14 21:17:25', NULL),
(133, 133, 4, '2.0000', 3, 0, '6.0000', '2021-10-14 21:17:32', '2021-10-14 21:17:32', NULL),
(134, 134, 8, '79.9900', 1, 0, '79.9900', '2021-10-14 21:17:32', '2021-10-14 21:17:32', NULL),
(135, 135, 13, '42.5000', 3, 0, '127.5000', '2021-10-14 21:17:32', '2021-10-14 21:17:32', NULL),
(136, 136, 39, '9.0000', 1, 0, '9.0000', '2021-10-14 21:17:32', '2021-10-14 21:17:32', NULL),
(137, 137, 70, '17.0000', 1, 0, '17.0000', '2021-10-14 21:17:32', '2021-10-14 21:17:32', NULL),
(138, 138, 72, '8.0000', 1, 0, '8.0000', '2021-10-14 21:17:32', '2021-10-14 21:17:32', NULL),
(139, 139, 8, '79.9900', 2, 0, '159.9800', '2021-10-15 03:17:22', '2021-10-15 03:17:22', NULL),
(140, 140, 9, '3.2500', 1, 0, '3.2500', '2021-10-15 03:17:22', '2021-10-15 03:17:22', NULL),
(141, 141, 11, '3.0000', 1, 0, '3.0000', '2021-10-15 03:17:22', '2021-10-15 03:17:22', NULL),
(142, 142, 42, '60.0000', 1, 0, '60.0000', '2021-10-15 03:17:22', '2021-10-15 03:17:22', NULL),
(143, 143, 70, '17.0000', 1, 0, '17.0000', '2021-10-15 03:17:22', '2021-10-15 03:17:22', NULL),
(144, 144, 74, '3.0000', 10, 0, '30.0000', '2021-10-15 03:17:22', '2021-10-15 03:17:22', NULL),
(145, 145, 4, '2.0000', 1, 0, '2.0000', '2021-10-15 03:17:30', '2021-10-15 03:17:30', NULL),
(146, 146, 6, '3.5000', 3, 0, '10.5000', '2021-10-15 03:17:30', '2021-10-15 03:17:30', NULL),
(147, 147, 57, '65.0000', 2, 0, '130.0000', '2021-10-15 03:17:30', '2021-10-15 03:17:30', NULL),
(148, 148, 72, '8.0000', 4, 0, '32.0000', '2021-10-15 03:17:30', '2021-10-15 03:17:30', NULL),
(149, 149, 57, '65.0000', 1, 0, '65.0000', '2021-10-15 03:20:05', '2021-10-15 03:20:05', NULL),
(150, 150, 68, '15.0000', 1, 0, '15.0000', '2021-10-15 03:20:05', '2021-10-15 03:20:05', NULL),
(151, 151, 74, '3.0000', 3, 0, '9.0000', '2021-10-15 03:20:05', '2021-10-15 03:20:05', NULL),
(152, 152, 3, '1.5000', 1, 0, '1.5000', '2021-10-15 03:23:55', '2021-10-15 03:23:55', NULL),
(153, 153, 73, '6.2500', 1, 0, '6.2500', '2021-10-15 03:23:55', '2021-10-15 03:23:55', NULL),
(154, 154, 3, '1.5000', 1, 0, '1.5000', '2021-10-15 22:52:30', '2021-10-15 22:52:30', NULL),
(155, 155, 22, '100000.0000', 1, 0, '100000.0000', '2021-10-15 22:52:30', '2021-10-15 22:52:30', NULL),
(156, 156, 61, '56.2500', 1, 0, '56.2500', '2021-10-15 22:52:30', '2021-10-15 22:52:30', NULL),
(157, 157, 63, '6.0000', 1, 0, '6.0000', '2021-10-15 22:52:30', '2021-10-15 22:52:30', NULL),
(158, 158, 3, '1.5000', 1, 0, '1.5000', '2021-10-17 03:59:08', '2021-10-17 03:59:08', NULL),
(159, 159, 77, '11.0000', 1, 1, '11.0000', '2021-10-17 03:59:08', '2021-10-17 03:59:08', NULL),
(160, 160, 50, '350.0000', 1, 0, '350.0000', '2021-10-17 04:01:11', '2021-10-17 04:01:11', NULL),
(161, 161, 64, '7.2000', 1, 0, '7.2000', '2021-10-17 04:01:11', '2021-10-17 04:01:11', NULL),
(162, 162, 68, '15.0000', 1, 0, '15.0000', '2021-10-17 04:01:11', '2021-10-17 04:01:11', NULL),
(163, 163, 76, '50.0000', 1, 0, '50.0000', '2021-10-17 04:01:11', '2021-10-17 04:01:11', NULL);

-- --------------------------------------------------------

--
-- Estructura de tabla para la tabla `tblcompra_especifica`
--

CREATE TABLE `tblcompra_especifica` (
  `id_compra_especifica` int(11) NOT NULL,
  `id_compra_general` int(11) NOT NULL,
  `id_empresa` int(11) NOT NULL,
  `total_compra` decimal(18,4) NOT NULL,
  `fecha` date NOT NULL DEFAULT current_timestamp(),
  `created_at` datetime NOT NULL DEFAULT current_timestamp(),
  `updated_at` datetime NOT NULL DEFAULT current_timestamp(),
  `deleted_at` datetime DEFAULT NULL
) ENGINE=InnoDB DEFAULT CHARSET=utf8mb4;

--
-- Volcado de datos para la tabla `tblcompra_especifica`
--

INSERT INTO `tblcompra_especifica` (`id_compra_especifica`, `id_compra_general`, `id_empresa`, `total_compra`, `fecha`, `created_at`, `updated_at`, `deleted_at`) VALUES
(2, 1, 1, '2.2500', '2021-10-15', '2021-10-13 18:34:22', '2021-10-13 18:34:22', NULL),
(3, 1, 2, '2.0000', '2021-10-15', '2021-10-13 18:34:22', '2021-10-13 18:34:22', NULL),
(4, 1, 4, '79.9900', '2021-10-15', '2021-10-13 18:34:22', '2021-10-13 18:34:22', NULL),
(5, 1, 7, '85.0000', '2021-10-15', '2021-10-13 18:34:22', '2021-10-13 18:34:22', NULL),
(6, 1, 24, '255.0000', '2021-10-15', '2021-10-13 18:34:22', '2021-10-13 18:34:22', NULL),
(7, 1, 25, '1050.0000', '2021-10-15', '2021-10-13 18:34:22', '2021-10-13 18:34:22', NULL),
(8, 1, 31, '168.7500', '2021-10-15', '2021-10-13 18:34:22', '2021-10-13 18:34:22', NULL),
(9, 1, 37, '37.5000', '2021-10-15', '2021-10-13 18:34:22', '2021-10-13 18:34:22', NULL),
(10, 2, 1, '2.2500', '2021-10-15', '2021-10-13 19:07:37', '2021-10-13 19:07:37', NULL),
(11, 2, 2, '2.0000', '2021-10-15', '2021-10-13 19:07:37', '2021-10-13 19:07:37', NULL),
(12, 2, 4, '79.9900', '2021-10-15', '2021-10-13 19:07:37', '2021-10-13 19:07:37', NULL),
(13, 2, 7, '85.0000', '2021-10-15', '2021-10-13 19:07:37', '2021-10-13 19:07:37', NULL),
(14, 2, 24, '255.0000', '2021-10-15', '2021-10-13 19:07:37', '2021-10-13 19:07:37', NULL),
(15, 2, 25, '1050.0000', '2021-10-15', '2021-10-13 19:07:37', '2021-10-13 19:07:37', NULL),
(16, 2, 31, '168.7500', '2021-10-15', '2021-10-13 19:07:37', '2021-10-13 19:07:37', NULL),
(17, 2, 37, '37.5000', '2021-10-15', '2021-10-13 19:07:37', '2021-10-13 19:07:37', NULL),
(18, 3, 1, '2.2500', '2021-10-15', '2021-10-13 19:08:36', '2021-10-13 19:08:36', NULL),
(19, 3, 2, '2.0000', '2021-10-15', '2021-10-13 19:08:36', '2021-10-13 19:08:36', NULL),
(20, 3, 4, '79.9900', '2021-10-15', '2021-10-13 19:08:36', '2021-10-13 19:08:36', NULL),
(21, 3, 7, '85.0000', '2021-10-15', '2021-10-13 19:08:36', '2021-10-13 19:08:36', NULL),
(22, 3, 24, '255.0000', '2021-10-15', '2021-10-13 19:08:36', '2021-10-13 19:08:36', NULL),
(23, 3, 25, '1050.0000', '2021-10-15', '2021-10-13 19:08:36', '2021-10-13 19:08:36', NULL),
(24, 3, 31, '168.7500', '2021-10-15', '2021-10-13 19:08:36', '2021-10-13 19:08:36', NULL),
(25, 3, 37, '37.5000', '2021-10-15', '2021-10-13 19:08:36', '2021-10-13 19:08:36', NULL),
(26, 4, 1, '2.2500', '2021-10-15', '2021-10-14 04:05:38', '2021-10-14 04:05:38', NULL),
(27, 4, 2, '2.0000', '2021-10-15', '2021-10-14 04:05:38', '2021-10-14 04:05:38', NULL),
(28, 4, 4, '79.9900', '2021-10-15', '2021-10-14 04:05:38', '2021-10-14 04:05:38', NULL),
(29, 4, 7, '85.0000', '2021-10-15', '2021-10-14 04:05:38', '2021-10-14 04:05:38', NULL),
(30, 4, 24, '255.0000', '2021-10-15', '2021-10-14 04:05:38', '2021-10-14 04:05:38', NULL),
(31, 4, 25, '1050.0000', '2021-10-15', '2021-10-14 04:05:38', '2021-10-14 04:05:38', NULL),
(32, 4, 31, '168.7500', '2021-10-15', '2021-10-14 04:05:38', '2021-10-14 04:05:38', NULL),
(33, 4, 37, '37.5000', '2021-10-15', '2021-10-14 04:05:38', '2021-10-14 04:05:38', NULL),
(34, 5, 1, '2.2500', '2021-10-15', '2021-10-14 10:07:11', '2021-10-14 10:07:11', NULL),
(35, 5, 2, '2.0000', '2021-10-15', '2021-10-14 10:07:11', '2021-10-14 10:07:11', NULL),
(36, 5, 4, '79.9900', '2021-10-15', '2021-10-14 10:07:11', '2021-10-14 10:07:11', NULL),
(37, 5, 7, '85.0000', '2021-10-15', '2021-10-14 10:07:11', '2021-10-14 10:07:11', NULL),
(38, 5, 24, '255.0000', '2021-10-15', '2021-10-14 10:07:11', '2021-10-14 10:07:11', NULL),
(39, 5, 25, '1050.0000', '2021-10-15', '2021-10-14 10:07:11', '2021-10-14 10:07:11', NULL),
(40, 5, 31, '168.7500', '2021-10-15', '2021-10-14 10:07:11', '2021-10-14 10:07:11', NULL),
(41, 5, 37, '37.5000', '2021-10-15', '2021-10-14 10:07:11', '2021-10-14 10:07:11', NULL),
(42, 6, 1, '2.2500', '2021-10-15', '2021-10-14 11:34:47', '2021-10-14 11:34:47', NULL),
(43, 6, 2, '2.0000', '2021-10-15', '2021-10-14 11:34:47', '2021-10-14 11:34:47', NULL),
(44, 6, 4, '79.9900', '2021-10-15', '2021-10-14 11:34:47', '2021-10-14 11:34:47', NULL),
(45, 6, 7, '85.0000', '2021-10-15', '2021-10-14 11:34:47', '2021-10-14 11:34:47', NULL),
(46, 6, 24, '255.0000', '2021-10-15', '2021-10-14 11:34:47', '2021-10-14 11:34:47', NULL),
(47, 6, 25, '1050.0000', '2021-10-15', '2021-10-14 11:34:47', '2021-10-14 11:34:47', NULL),
(48, 6, 31, '168.7500', '2021-10-15', '2021-10-14 11:34:47', '2021-10-14 11:34:47', NULL),
(49, 6, 37, '37.5000', '2021-10-15', '2021-10-14 11:34:47', '2021-10-14 11:34:47', NULL),
(50, 7, 1, '2.2500', '2021-10-15', '2021-10-14 11:35:37', '2021-10-14 11:35:37', NULL),
(51, 7, 2, '2.0000', '2021-10-15', '2021-10-14 11:35:37', '2021-10-14 11:35:37', NULL),
(52, 7, 4, '79.9900', '2021-10-15', '2021-10-14 11:35:37', '2021-10-14 11:35:37', NULL),
(53, 7, 7, '85.0000', '2021-10-15', '2021-10-14 11:35:37', '2021-10-14 11:35:37', NULL),
(54, 7, 24, '255.0000', '2021-10-15', '2021-10-14 11:35:37', '2021-10-14 11:35:37', NULL),
(55, 7, 25, '1050.0000', '2021-10-15', '2021-10-14 11:35:37', '2021-10-14 11:35:37', NULL),
(56, 7, 31, '168.7500', '2021-10-15', '2021-10-14 11:35:37', '2021-10-14 11:35:37', NULL),
(57, 7, 37, '37.5000', '2021-10-15', '2021-10-14 11:35:37', '2021-10-14 11:35:37', NULL),
(58, 8, 1, '2.2500', '2021-10-15', '2021-10-14 11:36:27', '2021-10-14 11:36:27', NULL),
(59, 8, 2, '2.0000', '2021-10-15', '2021-10-14 11:36:27', '2021-10-14 11:36:27', NULL),
(60, 8, 4, '79.9900', '2021-10-15', '2021-10-14 11:36:27', '2021-10-14 11:36:27', NULL),
(61, 8, 7, '85.0000', '2021-10-15', '2021-10-14 11:36:27', '2021-10-14 11:36:27', NULL),
(62, 8, 24, '255.0000', '2021-10-15', '2021-10-14 11:36:27', '2021-10-14 11:36:27', NULL),
(63, 8, 25, '1050.0000', '2021-10-15', '2021-10-14 11:36:27', '2021-10-14 11:36:27', NULL),
(64, 8, 31, '168.7500', '2021-10-15', '2021-10-14 11:36:27', '2021-10-14 11:36:27', NULL),
(65, 8, 37, '37.5000', '2021-10-15', '2021-10-14 11:36:27', '2021-10-14 11:36:27', NULL),
(66, 9, 1, '2.2500', '2021-10-15', '2021-10-14 12:35:35', '2021-10-14 12:35:35', NULL),
(67, 9, 2, '2.0000', '2021-10-15', '2021-10-14 12:35:35', '2021-10-14 12:35:35', NULL),
(68, 9, 4, '79.9900', '2021-10-15', '2021-10-14 12:35:35', '2021-10-14 12:35:35', NULL),
(69, 9, 7, '85.0000', '2021-10-15', '2021-10-14 12:35:35', '2021-10-14 12:35:35', NULL),
(70, 9, 24, '255.0000', '2021-10-15', '2021-10-14 12:35:35', '2021-10-14 12:35:35', NULL),
(71, 9, 25, '1050.0000', '2021-10-15', '2021-10-14 12:35:35', '2021-10-14 12:35:35', NULL),
(72, 9, 31, '168.7500', '2021-10-15', '2021-10-14 12:35:35', '2021-10-14 12:35:35', NULL),
(73, 9, 37, '37.5000', '2021-10-15', '2021-10-14 12:35:35', '2021-10-14 12:35:35', NULL),
(74, 10, 1, '2.2500', '2021-10-15', '2021-10-14 12:38:53', '2021-10-14 12:38:53', NULL),
(75, 10, 2, '2.0000', '2021-10-15', '2021-10-14 12:38:53', '2021-10-14 12:38:53', NULL),
(76, 10, 4, '79.9900', '2021-10-15', '2021-10-14 12:38:53', '2021-10-14 12:38:53', NULL),
(77, 10, 7, '85.0000', '2021-10-15', '2021-10-14 12:38:53', '2021-10-14 12:38:53', NULL),
(78, 10, 24, '255.0000', '2021-10-15', '2021-10-14 12:38:53', '2021-10-14 12:38:53', NULL),
(79, 10, 25, '1050.0000', '2021-10-15', '2021-10-14 12:38:53', '2021-10-14 12:38:53', NULL),
(80, 10, 31, '168.7500', '2021-10-15', '2021-10-14 12:38:53', '2021-10-14 12:38:53', NULL),
(81, 10, 37, '37.5000', '2021-10-15', '2021-10-14 12:38:53', '2021-10-14 12:38:53', NULL),
(82, 11, 1, '2.2500', '2021-10-15', '2021-10-14 12:40:37', '2021-10-14 12:40:37', NULL),
(83, 11, 2, '2.0000', '2021-10-15', '2021-10-14 12:40:37', '2021-10-14 12:40:37', NULL),
(84, 11, 4, '79.9900', '2021-10-15', '2021-10-14 12:40:37', '2021-10-14 12:40:37', NULL),
(85, 11, 7, '85.0000', '2021-10-15', '2021-10-14 12:40:37', '2021-10-14 12:40:37', NULL),
(86, 11, 24, '255.0000', '2021-10-15', '2021-10-14 12:40:37', '2021-10-14 12:40:37', NULL),
(87, 11, 25, '1050.0000', '2021-10-15', '2021-10-14 12:40:37', '2021-10-14 12:40:37', NULL),
(88, 11, 31, '168.7500', '2021-10-15', '2021-10-14 12:40:37', '2021-10-14 12:40:37', NULL),
(89, 11, 37, '37.5000', '2021-10-15', '2021-10-14 12:40:37', '2021-10-14 12:40:37', NULL),
(90, 12, 1, '2.2500', '2021-10-15', '2021-10-14 12:41:02', '2021-10-14 12:41:02', NULL),
(91, 12, 2, '2.0000', '2021-10-15', '2021-10-14 12:41:02', '2021-10-14 12:41:02', NULL),
(92, 12, 4, '79.9900', '2021-10-15', '2021-10-14 12:41:02', '2021-10-14 12:41:02', NULL),
(93, 12, 7, '85.0000', '2021-10-15', '2021-10-14 12:41:02', '2021-10-14 12:41:02', NULL),
(94, 12, 24, '255.0000', '2021-10-15', '2021-10-14 12:41:02', '2021-10-14 12:41:02', NULL),
(95, 12, 25, '1050.0000', '2021-10-15', '2021-10-14 12:41:02', '2021-10-14 12:41:02', NULL),
(96, 12, 31, '168.7500', '2021-10-15', '2021-10-14 12:41:02', '2021-10-14 12:41:02', NULL),
(97, 12, 37, '37.5000', '2021-10-15', '2021-10-14 12:41:02', '2021-10-14 12:41:02', NULL),
(98, 13, 1, '2.2500', '2021-10-15', '2021-10-14 12:41:33', '2021-10-14 12:41:33', NULL),
(99, 13, 2, '2.0000', '2021-10-15', '2021-10-14 12:41:33', '2021-10-14 12:41:33', NULL),
(100, 13, 4, '79.9900', '2021-10-15', '2021-10-14 12:41:33', '2021-10-14 12:41:33', NULL),
(101, 13, 7, '85.0000', '2021-10-15', '2021-10-14 12:41:33', '2021-10-14 12:41:33', NULL),
(102, 13, 24, '255.0000', '2021-10-15', '2021-10-14 12:41:33', '2021-10-14 12:41:33', NULL),
(103, 13, 25, '1050.0000', '2021-10-15', '2021-10-14 12:41:33', '2021-10-14 12:41:33', NULL),
(104, 13, 31, '168.7500', '2021-10-15', '2021-10-14 12:41:33', '2021-10-14 12:41:33', NULL),
(105, 13, 37, '37.5000', '2021-10-15', '2021-10-14 12:41:33', '2021-10-14 12:41:33', NULL),
(106, 14, 1, '2.2500', '2021-10-15', '2021-10-14 12:44:51', '2021-10-14 12:44:51', NULL),
(107, 14, 2, '2.0000', '2021-10-15', '2021-10-14 12:44:51', '2021-10-14 12:44:51', NULL),
(108, 14, 4, '79.9900', '2021-10-15', '2021-10-14 12:44:51', '2021-10-14 12:44:51', NULL),
(109, 14, 7, '85.0000', '2021-10-15', '2021-10-14 12:44:51', '2021-10-14 12:44:51', NULL),
(110, 14, 24, '255.0000', '2021-10-15', '2021-10-14 12:44:51', '2021-10-14 12:44:51', NULL),
(111, 14, 25, '1050.0000', '2021-10-15', '2021-10-14 12:44:51', '2021-10-14 12:44:51', NULL),
(112, 14, 31, '168.7500', '2021-10-15', '2021-10-14 12:44:51', '2021-10-14 12:44:51', NULL),
(113, 14, 37, '37.5000', '2021-10-15', '2021-10-14 12:44:51', '2021-10-14 12:44:51', NULL),
(114, 15, 1, '2.2500', '2021-10-15', '2021-10-14 12:52:27', '2021-10-14 12:52:27', NULL),
(115, 15, 2, '2.0000', '2021-10-15', '2021-10-14 12:52:27', '2021-10-14 12:52:27', NULL),
(116, 15, 4, '79.9900', '2021-10-15', '2021-10-14 12:52:27', '2021-10-14 12:52:27', NULL),
(117, 15, 7, '85.0000', '2021-10-15', '2021-10-14 12:52:27', '2021-10-14 12:52:27', NULL),
(118, 15, 24, '255.0000', '2021-10-15', '2021-10-14 12:52:27', '2021-10-14 12:52:27', NULL),
(119, 15, 25, '1050.0000', '2021-10-15', '2021-10-14 12:52:27', '2021-10-14 12:52:27', NULL),
(120, 15, 31, '168.7500', '2021-10-15', '2021-10-14 12:52:27', '2021-10-14 12:52:27', NULL),
(121, 15, 37, '37.5000', '2021-10-15', '2021-10-14 12:52:27', '2021-10-14 12:52:27', NULL),
(122, 16, 1, '2.2500', '2021-10-15', '2021-10-14 13:00:50', '2021-10-14 13:00:50', NULL),
(123, 16, 2, '2.0000', '2021-10-15', '2021-10-14 13:00:50', '2021-10-14 13:00:50', NULL),
(124, 16, 4, '79.9900', '2021-10-15', '2021-10-14 13:00:50', '2021-10-14 13:00:50', NULL),
(125, 16, 7, '85.0000', '2021-10-15', '2021-10-14 13:00:50', '2021-10-14 13:00:50', NULL),
(126, 16, 24, '255.0000', '2021-10-15', '2021-10-14 13:00:50', '2021-10-14 13:00:50', NULL),
(127, 16, 25, '1050.0000', '2021-10-15', '2021-10-14 13:00:50', '2021-10-14 13:00:50', NULL),
(128, 16, 31, '168.7500', '2021-10-15', '2021-10-14 13:00:50', '2021-10-14 13:00:50', NULL),
(129, 16, 37, '37.5000', '2021-10-15', '2021-10-14 13:00:50', '2021-10-14 13:00:50', NULL),
(130, 17, 1, '3.5000', '2021-10-15', '2021-10-14 21:17:25', '2021-10-14 21:17:25', NULL),
(131, 17, 2, '1.5000', '2021-10-15', '2021-10-14 21:17:25', '2021-10-14 21:17:25', NULL),
(132, 17, 32, '28.8000', '2021-10-15', '2021-10-14 21:17:25', '2021-10-14 21:17:25', NULL),
(133, 18, 2, '6.0000', '2021-10-15', '2021-10-14 21:17:32', '2021-10-14 21:17:32', NULL),
(134, 18, 4, '79.9900', '2021-10-15', '2021-10-14 21:17:32', '2021-10-14 21:17:32', NULL),
(135, 18, 7, '127.5000', '2021-10-15', '2021-10-14 21:17:32', '2021-10-14 21:17:32', NULL),
(136, 18, 20, '9.0000', '2021-10-15', '2021-10-14 21:17:32', '2021-10-14 21:17:32', NULL),
(137, 18, 35, '17.0000', '2021-10-15', '2021-10-14 21:17:32', '2021-10-14 21:17:32', NULL),
(138, 18, 36, '8.0000', '2021-10-15', '2021-10-14 21:17:32', '2021-10-14 21:17:32', NULL),
(139, 19, 4, '159.9800', '2021-10-15', '2021-10-15 03:17:22', '2021-10-15 03:17:22', NULL),
(140, 19, 5, '3.2500', '2021-10-15', '2021-10-15 03:17:22', '2021-10-15 03:17:22', NULL),
(141, 19, 6, '3.0000', '2021-10-15', '2021-10-15 03:17:22', '2021-10-15 03:17:22', NULL),
(142, 19, 21, '60.0000', '2021-10-15', '2021-10-15 03:17:22', '2021-10-15 03:17:22', NULL),
(143, 19, 35, '17.0000', '2021-10-15', '2021-10-15 03:17:22', '2021-10-15 03:17:22', NULL),
(144, 19, 38, '30.0000', '2021-10-15', '2021-10-15 03:17:22', '2021-10-15 03:17:22', NULL),
(145, 20, 2, '2.0000', '2021-10-15', '2021-10-15 03:17:30', '2021-10-15 03:17:30', NULL),
(146, 20, 3, '10.5000', '2021-10-15', '2021-10-15 03:17:30', '2021-10-15 03:17:30', NULL),
(147, 20, 29, '130.0000', '2021-10-15', '2021-10-15 03:17:30', '2021-10-15 03:17:30', NULL),
(148, 20, 36, '32.0000', '2021-10-15', '2021-10-15 03:17:30', '2021-10-15 03:17:30', NULL),
(149, 21, 29, '65.0000', '2021-10-15', '2021-10-15 03:20:05', '2021-10-15 03:20:05', NULL),
(150, 21, 34, '15.0000', '2021-10-15', '2021-10-15 03:20:05', '2021-10-15 03:20:05', NULL),
(151, 21, 38, '9.0000', '2021-10-15', '2021-10-15 03:20:05', '2021-10-15 03:20:05', NULL),
(152, 22, 2, '1.5000', '2021-10-15', '2021-10-15 03:23:55', '2021-10-15 03:23:55', NULL),
(153, 22, 37, '6.2500', '2021-10-15', '2021-10-15 03:23:55', '2021-10-15 03:23:55', NULL),
(154, 23, 2, '1.5000', '2021-10-15', '2021-10-15 22:52:30', '2021-10-15 22:52:30', NULL),
(155, 23, 11, '100000.0000', '2021-10-15', '2021-10-15 22:52:30', '2021-10-15 22:52:30', NULL),
(156, 23, 31, '56.2500', '2021-10-15', '2021-10-15 22:52:30', '2021-10-15 22:52:30', NULL),
(157, 23, 32, '6.0000', '2021-10-15', '2021-10-15 22:52:30', '2021-10-15 22:52:30', NULL),
(158, 24, 2, '1.5000', '2021-10-17', '2021-10-17 03:59:08', '2021-10-17 03:59:08', NULL),
(159, 24, 41, '11.0000', '2021-10-17', '2021-10-17 03:59:08', '2021-10-17 03:59:08', NULL),
(160, 25, 25, '350.0000', '2021-10-17', '2021-10-17 04:01:11', '2021-10-17 04:01:11', NULL),
(161, 25, 32, '7.2000', '2021-10-17', '2021-10-17 04:01:11', '2021-10-17 04:01:11', NULL),
(162, 25, 34, '15.0000', '2021-10-17', '2021-10-17 04:01:11', '2021-10-17 04:01:11', NULL),
(163, 25, 40, '50.0000', '2021-10-17', '2021-10-17 04:01:11', '2021-10-17 04:01:11', NULL);

-- --------------------------------------------------------

--
-- Estructura de tabla para la tabla `tblcompra_general`
--

CREATE TABLE `tblcompra_general` (
  `id_compra_general` int(11) NOT NULL,
  `total_compra` decimal(18,4) NOT NULL,
  `id_cliente` int(11) NOT NULL,
  `id_tarjeta` int(11) NOT NULL,
  `nombre_dueno` varchar(150) NOT NULL,
  `numero_tarjeta` varchar(20) NOT NULL,
  `fecha_expiracion` varchar(10) NOT NULL,
  `ccv` varchar(5) NOT NULL,
  `fecha` date NOT NULL DEFAULT current_timestamp(),
  `created_at` datetime NOT NULL DEFAULT current_timestamp(),
  `updated_at` datetime NOT NULL DEFAULT current_timestamp(),
  `deleted_at` datetime DEFAULT NULL
) ENGINE=InnoDB DEFAULT CHARSET=utf8mb4;

--
-- Volcado de datos para la tabla `tblcompra_general`
--

INSERT INTO `tblcompra_general` (`id_compra_general`, `total_compra`, `id_cliente`, `id_tarjeta`, `nombre_dueno`, `numero_tarjeta`, `fecha_expiracion`, `ccv`, `fecha`, `created_at`, `updated_at`, `deleted_at`) VALUES
(1, '1680.4900', 4, 2, 'Fredy Mauricio Benitez', '1231 2312 3123 1233', '12/63', '913', '2021-09-01', '2021-10-13 18:34:22', '2021-10-13 18:34:22', NULL),
(2, '1680.4900', 4, 4, 'FREDY', '3123 1231 2312 3121', '32/22', '123', '2021-09-10', '2021-10-13 19:07:37', '2021-10-13 19:07:37', NULL),
(3, '1680.4900', 4, 6, 'FREDY', '1343 3241 2342 3414', '12/12', '123', '2021-09-03', '2021-10-13 19:08:36', '2021-10-13 19:08:36', NULL),
(4, '1680.4900', 4, 5, 'Fredy', '1231 2312 3213 1231', '12/32', '121', '2021-10-14', '2021-10-14 04:05:38', '2021-10-14 04:05:38', NULL),
(5, '1680.4900', 4, 9, 'fredyt', '2121 3123 2131 2323', '12/21', '122', '2021-08-13', '2021-10-14 10:07:11', '2021-10-14 10:07:11', NULL),
(6, '1680.4900', 4, 4, '13123', '1231 2312 3213 2132', '12/32', '123', '2021-08-21', '2021-10-14 11:34:47', '2021-10-14 11:34:47', NULL),
(7, '1680.4900', 4, 10, '123123123', '1231 2321  3', '12/32', '122', '2021-08-11', '2021-10-14 11:35:37', '2021-10-14 11:35:37', NULL),
(8, '1680.4900', 4, 9, '123213', '1232 1312 3132 1', '12/33', '123', '2021-07-02', '2021-10-14 11:36:27', '2021-10-14 11:36:27', NULL),
(9, '1680.4900', 4, 2, 'Fredy Mauricio Benitez Orellana', '1234 5678 9789 4563', '12/24', '739', '2021-07-08', '2021-10-14 12:35:35', '2021-10-14 12:35:35', NULL),
(10, '1680.4900', 4, 2, '1321321', '1231 2312 3123 2133', '12/32', '121', '2021-06-16', '2021-10-14 12:38:53', '2021-10-14 12:38:53', NULL),
(11, '1680.4900', 4, 1, '13123', '2131 2312 3123 1232', '12/33', '122', '2021-06-08', '2021-10-14 12:40:37', '2021-10-14 12:40:37', NULL),
(12, '1680.4900', 4, 7, '12313', '1231 23  1', '12/31', '122', '2021-06-17', '2021-10-14 12:41:02', '2021-10-14 12:41:02', NULL),
(13, '1680.4900', 4, 4, '123123', '1212 31  3', '12/33', '123', '2021-05-20', '2021-10-14 12:41:33', '2021-10-14 12:41:33', NULL),
(14, '1680.4900', 4, 2, '123123', '1231 231  2', '12/33', '123', '2021-10-14', '2021-10-14 12:44:51', '2021-10-14 12:44:51', NULL),
(15, '1680.4900', 4, 4, '12312', '1231 3131 3123 123', '12/33', '123', '2021-10-14', '2021-10-14 12:52:27', '2021-10-14 12:52:27', NULL),
(16, '1680.4900', 4, 2, 'Fredy Mauricio Benitez', '2041 9386 5623 6363', '12/34', '633', '2021-10-14', '2021-10-14 13:00:50', '2021-10-14 13:00:50', NULL),
(17, '33.8000', 7, 2, 'Luis Alejandro ', '4567445678901234', '02/23', '345', '2021-10-14', '2021-10-14 21:17:25', '2021-10-14 21:17:25', NULL),
(18, '247.4900', 4, 2, 'Fredy Benítez ', '2782 7282 7189 1782', '12/23', '718', '2021-10-14', '2021-10-14 21:17:32', '2021-10-14 21:17:32', NULL),
(19, '273.2300', 8, 2, 'Elias Gonzalez', '3920 1310 2390 1290', '09/22', '234', '2021-10-14', '2021-10-15 03:17:22', '2021-10-15 03:17:22', NULL),
(20, '174.5000', 4, 2, 'fredy', '4656 2632 5633 3334', '22/32', '123', '2021-10-14', '2021-10-15 03:17:30', '2021-10-15 03:17:30', NULL),
(21, '89.0000', 5, 2, 'white', '4564 7644 5335 6454', '02/24', '456', '2021-10-14', '2021-10-15 03:20:05', '2021-10-15 03:20:05', NULL),
(22, '7.7500', 5, 6, 'Karla Guardado', '7586 3786 3487 6343', '04/24', '789', '2021-10-14', '2021-10-15 03:23:55', '2021-10-15 03:23:55', NULL),
(23, '100063.7500', 6, 6, 'Abigail', '1540 0006 988 5', '11/30', '122', '2021-10-15', '2021-10-15 22:52:30', '2021-10-15 22:52:30', NULL),
(24, '12.5000', 10, 2, 'Fredy Mauricio Benitez', '7946 2563 6541 2636', '10/24', '635', '2021-10-17', '2021-10-17 03:59:08', '2021-10-17 03:59:08', NULL),
(25, '422.2000', 10, 5, 'Fredy Mauricio', '1231 2312 3122 3123', '12/24', '563', '2021-10-17', '2021-10-17 04:01:11', '2021-10-17 04:01:11', NULL);

-- --------------------------------------------------------

--
-- Estructura de tabla para la tabla `tbldepartamento`
--

CREATE TABLE `tbldepartamento` (
  `id_departamento` int(11) NOT NULL,
  `nombre_departamento` varchar(255) NOT NULL,
  `created_at` datetime NOT NULL DEFAULT current_timestamp(),
  `updated_at` datetime NOT NULL DEFAULT current_timestamp(),
  `deleted_at` datetime DEFAULT NULL,
  `id_pais` int(11) NOT NULL
) ENGINE=InnoDB DEFAULT CHARSET=utf8;

--
-- Volcado de datos para la tabla `tbldepartamento`
--

INSERT INTO `tbldepartamento` (`id_departamento`, `nombre_departamento`, `created_at`, `updated_at`, `deleted_at`, `id_pais`) VALUES
(1, 'Ahuachapán', '2020-11-30 13:33:56', '2020-11-30 13:33:56', NULL, 1),
(2, 'Santa Ana', '2020-11-30 13:33:56', '2020-11-30 13:33:56', NULL, 1),
(3, 'Sonsonate', '2020-11-30 13:33:56', '2020-11-30 13:33:56', NULL, 1),
(4, 'La Libertad', '2020-11-30 13:33:56', '2020-11-30 13:33:56', NULL, 1),
(5, 'Chalatenango', '2020-11-30 13:33:56', '2020-11-30 13:33:56', NULL, 1),
(6, 'San Salvador', '2020-11-30 13:33:56', '2020-11-30 13:33:56', NULL, 1),
(7, 'Cuscatlán', '2020-11-30 13:33:56', '2020-11-30 13:33:56', NULL, 1),
(8, 'La Paz', '2020-11-30 13:33:56', '2020-11-30 13:33:56', NULL, 1),
(9, 'Cabañas', '2020-11-30 13:33:56', '2020-11-30 13:33:56', NULL, 1),
(10, 'San Vicente', '2020-11-30 13:33:56', '2020-11-30 13:33:56', NULL, 1),
(11, 'Usulután', '2020-11-30 13:33:56', '2020-11-30 13:33:56', NULL, 1),
(12, 'Morazán', '2020-11-30 13:33:56', '2020-11-30 13:33:56', NULL, 1),
(13, 'San Miguel', '2020-11-30 13:33:56', '2020-11-30 13:33:56', NULL, 1),
(14, 'La Unión', '2020-11-30 13:33:56', '2020-11-30 13:33:56', NULL, 1);

-- --------------------------------------------------------

--
-- Estructura de tabla para la tabla `tbldependiente`
--

CREATE TABLE `tbldependiente` (
  `id_dependiente` int(11) NOT NULL,
  `nombres` varchar(150) NOT NULL,
  `apellidos` varchar(150) NOT NULL,
  `correo` varchar(200) NOT NULL,
  `id_empresa` int(11) NOT NULL,
  `created_at` datetime NOT NULL DEFAULT current_timestamp(),
  `updated_at` datetime NOT NULL DEFAULT current_timestamp(),
  `deleted_at` datetime DEFAULT NULL
) ENGINE=InnoDB DEFAULT CHARSET=utf8mb4;

--
-- Volcado de datos para la tabla `tbldependiente`
--

INSERT INTO `tbldependiente` (`id_dependiente`, `nombres`, `apellidos`, `correo`, `id_empresa`, `created_at`, `updated_at`, `deleted_at`) VALUES
(1, 'Gustavo', 'Ribes', 'gustavi_ribes@gmail.com', 1, '2021-10-12 05:00:02', '2021-10-12 05:00:02', NULL),
(2, 'Luisa', 'Lobato', 'luisa_lobato@hotmail.com', 1, '2021-10-12 05:00:17', '2021-10-12 05:00:17', NULL),
(3, 'Ramon', 'Matos', 'ramon_matos@gmail.com', 2, '2021-10-12 05:00:46', '2021-10-12 05:00:46', NULL),
(4, 'Liliana', 'de Miguel', 'liliana_miguel@hotmail.com', 2, '2021-10-12 05:01:04', '2021-10-12 05:01:04', NULL),
(5, 'Carme', 'Garrido', 'carme_garrido@gmail.com', 3, '2021-10-12 05:01:37', '2021-10-12 05:01:37', NULL),
(6, 'Mayra', 'Juan', 'mayra_juan@hotmail.com', 3, '2021-10-12 05:01:53', '2021-10-12 05:01:53', NULL),
(7, 'Ander', 'Zamora', 'ander_zamora@gmail.com', 4, '2021-10-12 05:02:28', '2021-10-12 05:02:28', NULL),
(8, 'Tania', 'Soto', 'tania_soto@hotmail.com', 4, '2021-10-12 05:02:44', '2021-10-12 05:02:44', NULL),
(9, 'Adam', 'Carmona', 'adam_carmona@gmail.com', 5, '2021-10-12 05:03:13', '2021-10-12 05:03:13', NULL),
(10, 'Lorenzo', 'Huertas', 'lorenzo_huertas@hotmail.com', 5, '2021-10-12 05:03:28', '2021-10-12 05:03:28', NULL),
(11, 'Iris', 'Camara', 'iris_camara@gmail.com', 6, '2021-10-12 05:03:56', '2021-10-12 05:03:56', NULL),
(12, 'Agustin', 'Andrade', 'agustin_andrade@gmail.com', 6, '2021-10-12 05:04:13', '2021-10-12 05:04:13', NULL),
(13, 'Abdelaziz', 'Cañizares', 'abdelaziz_canizares@gmail.com', 7, '2021-10-12 05:04:48', '2021-10-12 05:04:48', NULL),
(14, 'Lola', 'Urbano', 'lola_urbano@hotmail.com', 7, '2021-10-12 05:05:04', '2021-10-12 05:05:04', NULL),
(15, 'Sílvia', 'Rio', 'silvia_rio@gmail.com', 9, '2021-10-12 05:05:38', '2021-10-12 05:05:38', NULL),
(16, 'Serafina', 'Polo', 'serafina_polo@hotmail.com', 9, '2021-10-12 05:05:54', '2021-10-12 05:05:54', NULL),
(17, 'Jose', 'Antunez', 'jose_antunez@gmail.com', 10, '2021-10-12 05:06:25', '2021-10-12 05:06:25', NULL),
(18, 'Feliciano', 'Espino', 'feliciano_espino@hotmail.com', 10, '2021-10-12 05:06:44', '2021-10-12 05:06:44', NULL),
(19, 'Jacinto', 'Burgos', 'jacinto_burgos@gmail.com', 11, '2021-10-12 05:07:27', '2021-10-12 05:07:27', NULL),
(20, 'Adolfo', 'Cabanillas', 'adolfo_cabanillas@hotmail.com', 11, '2021-10-12 05:07:44', '2021-10-12 05:07:44', NULL),
(21, 'Nour', 'Sans', 'nour_sans@gmail.com', 12, '2021-10-12 05:08:14', '2021-10-12 05:08:14', NULL),
(22, 'Modesta', 'Megias', 'modesta_megias@hotmail.com', 12, '2021-10-12 05:08:28', '2021-10-12 05:08:28', NULL),
(23, 'Melchor', 'Navas', 'melchor_navas@gmail.com', 13, '2021-10-12 05:09:02', '2021-10-12 05:09:02', NULL),
(24, 'Ismail', 'Ceballos', 'ismail_ceballos@hotmail.com', 13, '2021-10-12 05:09:22', '2021-10-12 05:09:22', NULL),
(25, 'Faustino', 'Zurita', 'faustino_zurita@gmail.com', 14, '2021-10-12 05:09:57', '2021-10-12 05:09:57', NULL),
(26, 'Jesus', 'Vilches', 'jesus_vilches@hotmail.com', 14, '2021-10-12 05:10:11', '2021-10-12 05:10:11', NULL),
(27, 'Judith', 'Cervantes', 'judir_cervantes@gmail.com', 15, '2021-10-12 05:10:43', '2021-10-12 05:10:43', NULL),
(28, 'Lazaro', 'Ramon', 'lazaro_ramon@hotmail.com', 15, '2021-10-12 05:11:00', '2021-10-12 05:11:00', NULL),
(29, 'Dolors', 'Gonzalez', 'dolors_gonzales@gmail.com', 16, '2021-10-12 05:11:50', '2021-10-12 05:11:50', NULL),
(30, 'Oliva', 'Valdes', 'olivia_valdes@hotmail.com', 16, '2021-10-12 05:12:05', '2021-10-12 05:12:05', NULL),
(31, 'Antónia', 'Montoro', 'antonia_montoro@gmail.com', 17, '2021-10-12 05:12:32', '2021-10-12 05:12:32', NULL),
(32, 'Bruno', 'Seco', 'bruno_seco@hotmail.com', 17, '2021-10-12 05:12:46', '2021-10-12 05:12:46', NULL),
(33, 'Rosario', 'Ferrando', 'rosario_ferrando@gmail.com', 18, '2021-10-12 05:13:12', '2021-10-12 05:13:12', NULL),
(34, 'Basilio', 'Segarra', 'basilio_segarra@hotmail.com', 18, '2021-10-12 05:13:29', '2021-10-12 05:13:29', NULL),
(35, 'Ismail', 'Castells', 'ismail_castells@gmail.com', 19, '2021-10-12 05:14:00', '2021-10-12 05:14:00', NULL),
(36, 'Iryna', 'Duarte', 'iryna_duarte@hotmail.com', 19, '2021-10-12 05:14:13', '2021-10-12 05:14:13', NULL),
(37, 'Zaida', 'Martnez', 'zaida_martnez@gmail.com', 20, '2021-10-12 05:14:40', '2021-10-12 05:14:40', NULL),
(38, 'Lina', 'Fonseca', 'luis_fonseca@hotmail.com', 20, '2021-10-12 05:14:55', '2021-10-12 05:14:55', NULL),
(39, 'Blanca', 'Figueras', 'blanca_figueras@gmail.com', 21, '2021-10-12 05:15:23', '2021-10-12 05:15:23', NULL),
(40, 'Cayetana', 'Llorente', 'cayetana_llorente@hotmail.com', 21, '2021-10-12 05:15:42', '2021-10-12 05:15:42', NULL),
(41, 'Adelina', 'Espejo', 'adelina_espejo@gmail.com', 22, '2021-10-12 05:16:12', '2021-10-12 05:16:12', NULL),
(42, 'Petra', 'Arevalo', 'petra_arevalo@hotmail.com', 22, '2021-10-12 05:16:25', '2021-10-12 05:16:25', NULL),
(43, 'Maximino', 'Cerdan', 'maximino_cerdan@gmail.com', 23, '2021-10-12 05:16:57', '2021-10-12 05:16:57', NULL),
(44, 'Guadalupe', 'Naranjo', 'guadalupe_naranjo@hotmail.com', 23, '2021-10-12 05:17:10', '2021-10-12 05:17:10', NULL),
(45, 'Daniel', 'Fuentes', 'daniel_fuentes@gmail.com', 24, '2021-10-12 05:17:38', '2021-10-12 05:17:38', NULL),
(46, 'Purificacion', 'Oliveira', 'purificacion_oliveira@hotmail.com', 24, '2021-10-12 05:17:54', '2021-10-12 05:17:54', NULL),
(47, 'Loreto', 'Bolaños', 'loreto_bolanos@gmail.com', 25, '2021-10-12 05:18:24', '2021-10-12 05:18:24', NULL),
(48, 'Brenda', 'Palomo', 'brenda_palomo@hotmail.com', 25, '2021-10-12 05:18:39', '2021-10-12 05:18:39', NULL),
(49, 'Mohamed', 'Rios', 'mohamed_rios@gmail.com', 26, '2021-10-12 05:19:40', '2021-10-12 05:19:40', NULL),
(50, 'Barbara', 'Canto', 'barbara_canto@hotmail.com', 26, '2021-10-12 05:19:52', '2021-10-12 05:19:52', NULL),
(51, 'Eliseo', 'Carrion', 'eliseo_carrion@gmail.com', 27, '2021-10-12 05:20:20', '2021-10-12 05:20:20', NULL),
(52, 'Jamal', 'Mota', 'jamal_mota@gmail.com', 27, '2021-10-12 05:20:33', '2021-10-12 05:20:33', NULL),
(53, 'Vicent', 'Vicente', 'vicent_vicente@hotmail.com', 27, '2021-10-12 05:20:48', '2021-10-12 05:20:48', NULL),
(54, 'Felipa', 'Ordoñez', 'felipa_ordonez@gmail.com', 28, '2021-10-12 05:22:10', '2021-10-12 05:22:10', NULL),
(55, 'Mateo', 'Arana', 'mateo_arana@hotmail.cm', 28, '2021-10-12 05:22:30', '2021-10-12 05:22:30', NULL),
(56, 'Bilal', 'Escudero', 'bilal_escudero@gmail.com', 29, '2021-10-12 05:23:02', '2021-10-12 05:23:02', NULL),
(57, 'Javier', 'Hoyos', 'javier_hoyos@hotmail.com', 29, '2021-10-12 05:23:15', '2021-10-12 05:23:15', NULL),
(58, 'Balbina', 'Mercado', 'balbina_mercado@gmail.com', 30, '2021-10-12 05:23:43', '2021-10-12 05:23:43', NULL),
(59, 'Dolores', 'Herrero', 'dolores_herrero@hotmail.com', 30, '2021-10-12 05:23:56', '2021-10-12 05:23:56', NULL),
(60, 'Jonathan', 'Goñi', 'jonatha_goni@gmail.com', 31, '2021-10-12 05:24:26', '2021-10-12 05:24:26', NULL),
(61, 'Salvador', 'Vaca', 'salvador_vaca@hotmail.com', 31, '2021-10-12 05:24:38', '2021-10-12 05:24:38', NULL),
(62, 'Carmela', 'Castro', 'carmela_castro@gmail.com', 32, '2021-10-12 05:25:01', '2021-10-12 05:25:01', NULL),
(63, 'Roger', 'Labrador', 'roger_labrador@gmail.com', 32, '2021-10-12 05:25:15', '2021-10-12 05:25:15', NULL),
(64, 'Stefan', 'Mariño', 'stefan_marino@gmail.com', 33, '2021-10-12 05:25:43', '2021-10-12 05:25:43', NULL),
(65, 'Miguel', 'Diego', 'miguel_diego@hotmail.com', 33, '2021-10-12 05:25:54', '2021-10-12 05:25:54', NULL),
(66, 'Ezequiel', 'Poveda', 'ezequiel_poveda@gmail.com', 34, '2021-10-12 05:26:20', '2021-10-12 05:26:20', NULL),
(67, 'Najat', 'Palacio', 'najat_palacio@hotmail.com', 34, '2021-10-12 05:26:32', '2021-10-12 05:26:32', NULL),
(68, 'Baldomero', 'Pareja', 'baldomero_pareja@gmail.com', 35, '2021-10-12 05:27:02', '2021-10-12 05:27:02', NULL),
(69, 'Graciela', 'Ponce', 'graciela_ponce@hotmail.com', 35, '2021-10-12 05:27:16', '2021-10-12 05:27:16', NULL),
(70, 'Inma', 'García', 'inma_garcia@gmail.com', 36, '2021-10-12 05:27:44', '2021-10-12 05:27:44', NULL),
(71, 'Antoni', 'Mendoza', 'antoni_mendoza@gmail.com', 36, '2021-10-12 05:28:00', '2021-10-12 05:28:00', NULL),
(72, 'Alex', 'Lopez', 'blanca_28guardado@hotmail.com', 37, '2021-10-13 02:29:50', '2021-10-13 02:29:50', NULL),
(73, 'Rafael ', 'Rodriguez', 'mendezabigail231@gmail.com', 38, '2021-10-13 03:02:03', '2021-10-13 03:02:03', NULL),
(74, 'Cristian', 'Pineda', 'eliasjoseph0097@gmail.com', 0, '2021-10-15 03:31:57', '2021-10-15 03:31:57', NULL),
(75, 'Carlos ', 'Flores', 'mendezabigail231@gmail.com', 40, '2021-10-15 23:31:25', '2021-10-15 23:31:25', NULL),
(76, 'Abigail', 'Guatemala', 'mendezabigail231@gmail.com', 40, '2021-10-15 23:36:22', '2021-10-15 23:36:22', NULL),
(77, 'Fredy Mauricio', 'Benitez', 'fredymauricio.benitez.orellana@gmail.com', 41, '2021-10-17 03:18:18', '2021-10-17 03:18:18', NULL);

-- --------------------------------------------------------

--
-- Estructura de tabla para la tabla `tbldocente`
--

CREATE TABLE `tbldocente` (
  `id_docente` int(11) NOT NULL,
  `nombres` varchar(75) NOT NULL,
  `apellidos` varchar(75) NOT NULL,
  `fecha_de_nacimiento` date NOT NULL,
  `usuario` varchar(50) NOT NULL,
  `codigo` varchar(15) NOT NULL,
  `unique_id` text NOT NULL,
  `id_sucursal` int(11) NOT NULL,
  `id_usuario` int(11) NOT NULL,
  `created_at` datetime NOT NULL DEFAULT current_timestamp(),
  `updated_at` datetime NOT NULL DEFAULT current_timestamp(),
  `deleted_at` datetime DEFAULT NULL
) ENGINE=InnoDB DEFAULT CHARSET=utf8mb4;

--
-- Volcado de datos para la tabla `tbldocente`
--

INSERT INTO `tbldocente` (`id_docente`, `nombres`, `apellidos`, `fecha_de_nacimiento`, `usuario`, `codigo`, `unique_id`, `id_sucursal`, `id_usuario`, `created_at`, `updated_at`, `deleted_at`) VALUES
(1, 'Fredy Mauricio', 'Benitez Orellana', '0000-00-00', 'Fredy_Benitez', 'DOC2021000', '', 1, 6, '2021-08-11 09:35:39', '2021-08-11 09:35:39', NULL),
(2, 'Ingrid Roxana', 'Argueta Claros', '0000-00-00', 'Ingrid_Roxana', 'DOC2021000', '', 1, 7, '2021-08-11 09:36:20', '2021-08-11 09:36:20', NULL),
(3, 'Martin', 'Marcos', '1995-03-15', 'Martin_Marcos', 'DOC20210002', '', 1, 8, '2021-08-11 09:39:34', '2021-08-11 09:39:34', '2021-08-11 09:59:00'),
(4, 'Martin', 'Marcos', '2000-02-10', 'martin_123', 'DOC20210003', '', 1, 9, '2021-08-11 09:40:48', '2021-08-11 09:40:48', '2021-08-11 09:59:00'),
(5, 'Kevin Antonio', 'Espinoza ', '1990-11-20', 'Kevin_Espinoza', 'DOC20210004', '', 1, 10, '2021-08-11 09:41:19', '2021-08-11 09:41:19', NULL),
(6, 'Emerson Francisco', 'Cartagena Candelario', '1990-10-10', 'Emerson_Cartagena', 'DOC20210005', '', 1, 40, '2021-08-11 18:29:25', '2021-08-11 18:29:25', NULL),
(7, 'Estela Yasmin', 'Fuentez Ortiz', '1990-10-20', 'Estela_Fuentez', 'DOC20210006', '', 1, 41, '2021-08-16 12:35:45', '2021-08-16 12:35:45', NULL),
(8, 'Armando Jose', 'Turcios Campos', '2000-05-20', 'Armando_Campos', 'DOC20210007', '', 1, 44, '2021-08-27 19:43:53', '2021-08-27 19:43:53', NULL);

-- --------------------------------------------------------

--
-- Estructura de tabla para la tabla `tblempleado`
--

CREATE TABLE `tblempleado` (
  `id_empleado` int(11) NOT NULL,
  `nombre` varchar(30) NOT NULL,
  `apellido` varchar(30) NOT NULL,
  `codigo` varchar(50) NOT NULL,
  `correlativo` varchar(5) NOT NULL,
  `direccion` varchar(100) NOT NULL,
  `telefono` varchar(10) NOT NULL,
  `imagen` text DEFAULT NULL,
  `dui` varchar(11) NOT NULL,
  `fecha_de_nacimiento` date NOT NULL,
  `sueldo` float DEFAULT NULL,
  `id_area` int(11) NOT NULL,
  `fecha_inicio` date DEFAULT NULL,
  `created_at` datetime NOT NULL DEFAULT current_timestamp(),
  `updated_at` datetime NOT NULL DEFAULT current_timestamp(),
  `deleted_at` datetime DEFAULT NULL,
  `id_tipo_empleado_EMP` int(11) NOT NULL,
  `id_estado_EMP` int(11) NOT NULL,
  `id_sexo_EMP` int(11) NOT NULL,
  `id_sucursal_EMP` int(11) NOT NULL
) ENGINE=InnoDB DEFAULT CHARSET=utf8;

--
-- Volcado de datos para la tabla `tblempleado`
--

INSERT INTO `tblempleado` (`id_empleado`, `nombre`, `apellido`, `codigo`, `correlativo`, `direccion`, `telefono`, `imagen`, `dui`, `fecha_de_nacimiento`, `sueldo`, `id_area`, `fecha_inicio`, `created_at`, `updated_at`, `deleted_at`, `id_tipo_empleado_EMP`, `id_estado_EMP`, `id_sexo_EMP`, `id_sucursal_EMP`) VALUES
(1, 'Fredy Mauricio', 'Benitez Orellana', '00000', '000', 'colonia las brisas', '7875575', NULL, '000000', '1990-04-13', NULL, 0, NULL, '2021-04-15 09:29:32', '2021-04-15 09:29:32', NULL, 1, 1, 2, 1),
(5, 'FREDYSS', 'BENITEZ ', '0218001', '1', 'COLONIA PRESITA', '7875-9666', 'img/608ec054c84d8_FREDY.jpg', '35465453-1', '1997-11-20', 600, 2, '2021-05-02', '2021-05-02 08:23:31', '2021-05-02 09:08:00', NULL, 4, 1, 2, 1),
(6, 'INGRID ROXANA', 'ARGUETA CLAROS', '0218002', '2', 'ATO NUEVO', '7978-5253', 'img/608eb6761194f_ROXANA.jpg', '37758554-6', '1997-09-11', 500, 3, '2021-05-02', '2021-05-02 08:25:58', '2021-05-02 08:25:58', NULL, 2, 1, 1, 1),
(7, 'JOSE ELIAS', 'GONZALES BLANCO', '0218003', '3', 'COLONIA MOLINO', '7485-9999', 'img/608eb6ad70b38_ELIAS.jpg', '53443524-4', '1997-03-20', 550, 2, '2021-05-02', '2021-05-02 08:26:53', '2021-05-02 08:26:53', NULL, 3, 1, 2, 1),
(8, 'TATIANA MARCELA', 'PORTILLO CUADRA', '0218004', '4', 'CIUDAD PACIFIC A', '7485-96', 'img/608ec0a5d6b46_atencion.jpg', '45645645-6', '1994-06-22', 500, 3, '2021-05-02', '2021-05-02 09:09:25', '2021-05-02 09:09:25', NULL, 2, 1, 1, 1);

-- --------------------------------------------------------

--
-- Estructura de tabla para la tabla `tblempresa`
--

CREATE TABLE `tblempresa` (
  `id_empresa` int(11) NOT NULL,
  `nombre` varchar(50) NOT NULL,
  `propietario` varchar(255) NOT NULL,
  `direccion` varchar(100) NOT NULL,
  `telefono1` varchar(10) NOT NULL,
  `telefono2` varchar(10) NOT NULL,
  `website` varchar(50) NOT NULL,
  `email` varchar(50) NOT NULL,
  `nit` varchar(18) NOT NULL,
  `logo` varchar(100) NOT NULL,
  `timer` int(11) NOT NULL,
  `sms` int(11) NOT NULL,
  `ws` int(11) NOT NULL,
  `texto` text NOT NULL,
  `moneda` varchar(100) NOT NULL,
  `simbolo` varchar(10) NOT NULL,
  `mri` float NOT NULL,
  `mrs` float NOT NULL,
  `mes` float NOT NULL,
  `mei` float NOT NULL,
  `created_at` datetime NOT NULL DEFAULT current_timestamp(),
  `updated_at` datetime NOT NULL DEFAULT current_timestamp(),
  `deleted_at` datetime DEFAULT NULL,
  `id_municipio_EMP` int(11) NOT NULL,
  `forma_fiscal` int(11) NOT NULL,
  `control_interno` int(11) NOT NULL,
  `razon_social` varchar(100) NOT NULL,
  `giro` varchar(200) NOT NULL,
  `nrc` varchar(15) NOT NULL,
  `tipo_pag` int(11) NOT NULL,
  `tipo_facturacion` int(11) NOT NULL,
  `contado` int(11) NOT NULL,
  `credito` int(11) NOT NULL,
  `remisiones` int(11) NOT NULL,
  `seguros` int(11) NOT NULL,
  `logo_activo` text DEFAULT NULL
) ENGINE=InnoDB DEFAULT CHARSET=utf8;

--
-- Volcado de datos para la tabla `tblempresa`
--

INSERT INTO `tblempresa` (`id_empresa`, `nombre`, `propietario`, `direccion`, `telefono1`, `telefono2`, `website`, `email`, `nit`, `logo`, `timer`, `sms`, `ws`, `texto`, `moneda`, `simbolo`, `mri`, `mrs`, `mes`, `mei`, `created_at`, `updated_at`, `deleted_at`, `id_municipio_EMP`, `forma_fiscal`, `control_interno`, `razon_social`, `giro`, `nrc`, `tipo_pag`, `tipo_facturacion`, `contado`, `credito`, `remisiones`, `seguros`, `logo_activo`) VALUES
(1, 'UNIVERSIDAD DE ORIENTE', 'JUNTA DIRECTIVA', '4ta. Calle Poniente 705 San Miguel, El Salvador', '7777-7777', '0000-000', 'www.univo.edu.sv', 'univo@univo.edu.sv', '0000-000000-000-', 'img/611b105eacbc1_univo.jpg', 0, 3000, 100, 'Estimado {paciente} le recordamos que el dia {fecha} tiene una cita con nosotros a las {hora}. Atte. Clinica', 'Dolares', '$', 5, 7, 5, 8, '2020-12-03 08:43:44', '2021-08-29 08:33:00', NULL, 81, 0, 1, '', '', '', 0, 0, 1, 1, 1, 1, NULL);

-- --------------------------------------------------------

--
-- Estructura de tabla para la tabla `tblempresa_ofertante`
--

CREATE TABLE `tblempresa_ofertante` (
  `id_empresa` int(11) NOT NULL,
  `nombre` varchar(150) NOT NULL,
  `codigo` varchar(7) NOT NULL,
  `direccion` text NOT NULL,
  `id_municipio` int(11) NOT NULL,
  `id_departamento` int(11) NOT NULL,
  `nombre_contacto` varchar(150) NOT NULL,
  `telefono` varchar(10) NOT NULL,
  `correo` varchar(150) NOT NULL,
  `id_rubro` int(11) NOT NULL,
  `id_estado` int(11) NOT NULL,
  `porcentaje` float NOT NULL,
  `created_at` datetime NOT NULL DEFAULT current_timestamp(),
  `updated_at` datetime NOT NULL DEFAULT current_timestamp(),
  `deleted_at` datetime DEFAULT NULL
) ENGINE=InnoDB DEFAULT CHARSET=utf8mb4;

--
-- Volcado de datos para la tabla `tblempresa_ofertante`
--

INSERT INTO `tblempresa_ofertante` (`id_empresa`, `nombre`, `codigo`, `direccion`, `id_municipio`, `id_departamento`, `nombre_contacto`, `telefono`, `correo`, `id_rubro`, `id_estado`, `porcentaje`, `created_at`, `updated_at`, `deleted_at`) VALUES
(1, 'Distribuidoras Morazan', 'ARX427', 'San Miguel', 81, 13, 'Martin Miro', '7695-3366', 'martin_mirro@gmail.com', 1, 1, 1, '2021-10-12 04:28:07', '2021-10-12 04:28:07', NULL),
(2, 'Distribuidora de Oriente', 'PJR392', 'Santiago de Maria', 62, 11, 'Imanol Ahmed', '7395-6654', 'imanol_ahmed@gmail.com', 1, 1, 3, '2021-10-12 04:28:54', '2021-10-12 04:28:54', NULL),
(3, 'Comidas Bianca Seco', 'ONM864', 'Santiago de la Frontera', 24, 2, 'Bianca Seco', '7189-6545', 'bianca_seco@hotmail.com', 1, 1, 5, '2021-10-12 04:29:51', '2021-10-12 04:29:51', NULL),
(4, 'Expendio Silvia', 'ZDU614', 'Santa Clara', 258, 10, 'Silvia de las Heras', '7455-6655', 'silvia_heras@gmail.com', 2, 1, 7, '2021-10-12 04:30:37', '2021-10-12 04:30:37', NULL),
(5, 'Cantina Los Jueces', 'JFW379', 'San Francisco Gotera', 103, 12, 'Abelardo Farre', '6065-5566', 'abelardo_farre@gmail.com', 2, 1, 9, '2021-10-12 04:31:29', '2021-10-12 04:31:29', NULL),
(6, 'Tabaqueria Mihaela', 'DJX156', 'Tecapan', 63, 11, 'Mihaela Betancor', '6574-9183', 'mihaela_betancor@hotmail.com', 2, 1, 2, '2021-10-12 04:32:14', '2021-10-12 04:32:14', NULL),
(7, 'Calzado Araceli', 'NDR107', 'San Fernando', 102, 12, 'Araceli Cazorla', '7182-9364', 'araceli_cazorla@gmail.com', 3, 1, 4, '2021-10-12 04:34:13', '2021-10-12 04:34:13', NULL),
(8, 'Shoping Ramiro', 'NWS685', 'Jutiapa', 245, 9, 'Ramiro Lillo', '7239-1563', 'ramiro_lilo@hotmail.com', 3, 1, 6, '2021-10-12 04:35:04', '2021-10-12 04:35:04', NULL),
(9, 'Bazar Unai', 'MLY297', 'San Jose', 116, 14, 'Unai Galera', '7945-6321', 'unai_galera@gmail.com', 3, 1, 8, '2021-10-12 04:36:27', '2021-10-12 04:36:27', NULL),
(10, 'Inmobiliario Barbara', 'TSQ496', 'Nueva Concepcion', 166, 5, 'Barbara Canovas', '7965-2632', 'barbara_canovas@gmail.com', 4, 1, 10, '2021-10-12 04:37:10', '2021-10-12 04:37:10', NULL),
(11, 'Viviendas Cristobal', 'ZLQ910', 'El Provenir', 17, 2, 'Cristobal Toledano', '7182-5563', 'cristobal_toledano@hotmail.com', 4, 1, 1, '2021-10-12 04:37:58', '2021-10-12 04:37:58', NULL),
(12, 'Inmobiliaria Arancha', 'SQT039', 'Guatiajiagua', 93, 12, 'Arancha Caballero', '7185-5663', 'arancha_caballero@gmail.com', 4, 1, 3, '2021-10-12 04:38:47', '2021-10-12 04:38:47', NULL),
(13, 'Muebles Elias', 'HME013', 'Santa Clara', 258, 10, 'Elias Araujo', '7955-5633', 'elias_araujo@gmail.com', 5, 1, 5, '2021-10-12 04:40:18', '2021-10-12 04:40:18', NULL),
(14, 'Aram Bravo Muebles', 'NAE104', 'Comasagua', 133, 4, 'Adam Bravo', '6456-2366', 'adam_bravo@hotmail.com', 5, 1, 7, '2021-10-12 04:41:03', '2021-10-12 04:41:03', NULL),
(15, 'Almacenes Roser', 'HAL986', 'Citala', 156, 5, 'Roser Perales', '2645-9986', 'roser_perales@gmail.com', 5, 1, 9, '2021-10-12 04:41:39', '2021-10-12 04:41:39', NULL),
(16, 'Farmacias Nueva Bernat', 'MCB021', 'Rosario de Mora', 211, 6, 'Bernat Monge', '2645-6988', 'bernat_mogen@gmail.com', 6, 1, 2, '2021-10-12 04:42:57', '2021-10-12 04:42:57', NULL),
(17, 'Farmacias Ane del Rio', 'ROH324', 'Juayua', 31, 3, 'Ane del Rio', '2635-6633', 'ane_rio@gmail.com', 6, 1, 4, '2021-10-12 04:43:28', '2021-10-12 04:43:28', NULL),
(18, 'Salones Latifa', 'GOB325', 'Olocuilta', 224, 8, 'Latifa Coll', '2656-3333', 'latifa_coll@gmail.com', 5, 1, 6, '2021-10-12 04:44:09', '2021-10-12 04:44:09', NULL),
(19, 'Rutas 5 Vanessa', 'IAM906', 'El refugio', 5, 1, 'Vanessa Torralba', '2635-5555', 'vanessa_torralba@hotmail.com', 7, 1, 10, '2021-10-12 04:45:06', '2021-10-12 04:45:06', NULL),
(20, 'Taxis Yasmina', 'WPJ015', 'Meanguera', 98, 12, 'Yasmina Lara', '7544-5563', 'yasmina_lara@hotmail.com', 7, 1, 10, '2021-10-12 04:45:45', '2021-10-12 04:45:45', NULL),
(21, 'Transporte Olaya', 'JBR297', 'La Palma', 163, 5, 'Olaya Brito', '7458-9632', 'olaya_brito@gmail.com', 7, 1, 1, '2021-10-12 04:46:28', '2021-10-12 04:46:28', NULL),
(22, 'Internet Nagore', 'JOC147', 'Nombre de Jesus', 168, 5, 'Nagore Mellado', '9475-8666', 'nagore_mellado@gmail.com', 8, 1, 3, '2021-10-12 04:47:43', '2021-10-12 04:47:43', NULL),
(23, 'Ip Void Reyes', 'UFW430', 'California', 44, 11, 'Reyes Hidalgo', '7456-3891', 'reyes_hidalgo@gmail.com', 8, 1, 5, '2021-10-12 04:48:22', '2021-10-12 04:48:22', NULL),
(24, 'Internet FastEr', 'ASL780', 'Santo Tomas', 216, 6, 'Fatima Da-Silva', '7594-6135', 'fatima_silva@hotmail.com', 8, 1, 7, '2021-10-12 04:49:37', '2021-10-12 04:49:37', NULL),
(25, 'Grafitis Nazaret', 'IYW974', 'San Martin', 213, 6, 'Nazaret Chavez', '2635-4196', 'nazaret_chavez@gmail.com', 9, 1, 9, '2021-10-12 04:50:34', '2021-10-12 04:50:34', NULL),
(26, 'Banda Los Panchos', 'CBL201', 'San Gerardo', 78, 13, 'Asuncion Uriarte', '7485-9999', 'asuncion_uriarte@hotmail.com', 9, 1, 2, '2021-10-12 04:51:15', '2021-10-12 04:51:15', NULL),
(27, 'Grupo de Danza Maria', 'RNP685', 'Santa Cruz Michapa', 197, 7, 'Maria-Victoria Farre', '7487-5966', 'maria_victoria@gmail.com', 9, 1, 4, '2021-10-12 04:51:56', '2021-10-12 04:51:56', NULL),
(28, 'Escuela de Idiomas Florencio', 'GWO196', 'Jerusalen', 222, 8, 'Florencio Arranz', '7489-6966', 'florencio_arranz@gmail.com', 10, 1, 6, '2021-10-12 04:52:42', '2021-10-12 04:52:42', NULL),
(29, 'Escuela Musical Chloe', 'IVG976', 'Tejutepeque', 248, 9, 'Chloe Costas', '2645-9666', 'chloe_costas@hotmail.com', 10, 1, 8, '2021-10-12 04:53:25', '2021-10-12 04:53:25', NULL),
(30, 'Escuela Especial Fuster', 'XAP843', 'Caluco', 28, 3, 'Sonia Fuster', '7485-9999', 'sonia_fuster@gmail.com', 10, 1, 10, '2021-10-12 04:54:14', '2021-10-12 04:54:14', NULL),
(31, 'Hoteles Regina', 'KSB485', 'El triunfo', 46, 11, 'Regina Guillen', '7945-6666', 'regina_guillen@gmail.com', 11, 1, 1, '2021-10-12 04:55:31', '2021-10-12 04:55:31', NULL),
(32, 'Restaurante Carme', 'MIC089', 'San Isidro', 246, 9, 'Carme Solis', '2656-6333', 'carme_solis@hotmail.com', 11, 1, 3, '2021-10-12 04:56:02', '2021-10-12 04:56:02', NULL),
(33, 'Cafe Dolors', 'WUQ784', 'Comasagua', 133, 4, 'Dolors Vizcaino', '7485-9666', 'dolors_vizcaino@gmail.com', 11, 1, 5, '2021-10-12 04:56:34', '2021-10-12 04:56:34', NULL),
(34, 'Peluqueria Celso', 'RMN219', 'Santo Domingo', 259, 10, 'Celso Cabello', '7896-6622', 'celso_cabello@hotmail.com', 12, 1, 9, '2021-10-12 04:57:11', '2021-10-12 04:57:11', NULL),
(35, 'Systems Saray', 'XEV743', 'Ilobasco', 244, 9, 'Saray Ocaña', '7156-6333', 'saray_ocania@gmail.com', 12, 1, 2, '2021-10-12 04:57:52', '2021-10-12 04:57:52', NULL),
(36, 'Spa Irati', 'XMO723', 'San Francisco Javier', 59, 11, 'Irati Bustamante', '7496-6666', 'irati_bustamante@hotmail.com', 12, 1, 8, '2021-10-12 04:58:48', '2021-10-12 04:58:48', NULL),
(37, 'Distribuidora Guardado', 'RFY085', 'san miguel', 81, 13, 'Alberto Iglesias', '5555-5555', 'blanca_28guardado@hotmail.com', 1, 1, 3, '2021-10-13 02:25:38', '2021-10-13 02:25:38', NULL),
(38, 'Chocalates', 'MQE460', 'Parque San Rafael', 62, 11, 'Jose Cañas', '7896-5899', 'mendezabigail231@gmail.com', 1, 1, 5, '2021-10-13 02:58:29', '2021-10-13 02:58:29', NULL),
(39, 'Bebida Mexicana ', 'MCA239', 'Avenida los próceres ', 214, 6, 'Luis Arturo Villar', '7933-3333', 'eliasjoseph0097@gmail.com', 13, 1, 5, '2021-10-15 03:27:36', '2021-10-15 03:27:36', NULL),
(40, 'AutoH', 'LAD507', 'Barrio La Merced', 81, 13, 'Fredy Pineda', '7924-8817', 'eliasjoseph0097@gmail.com', 14, 1, 6, '2021-10-15 23:13:32', '2021-10-15 23:13:32', NULL),
(41, 'Barrilito S.A. DE C.V.', 'QIX709', '10 Av. Norte', 81, 13, 'Irma Gutierrez', '7694-5633', 'fredymauricio.benitez.orellana@gmail.com', 11, 1, 5, '2021-10-17 02:54:47', '2021-10-17 02:54:47', NULL);

-- --------------------------------------------------------

--
-- Estructura de tabla para la tabla `tblhistorial_justificaciones`
--

CREATE TABLE `tblhistorial_justificaciones` (
  `id_historial` int(11) NOT NULL,
  `id_oferta` int(11) NOT NULL,
  `justificacion` text NOT NULL,
  `fecha_justificacion` date NOT NULL,
  `hora_justificacion` time NOT NULL,
  `created_at` datetime NOT NULL DEFAULT current_timestamp(),
  `updated_at` datetime NOT NULL DEFAULT current_timestamp(),
  `deleted_at` datetime DEFAULT NULL
) ENGINE=InnoDB DEFAULT CHARSET=utf8mb4;

-- --------------------------------------------------------

--
-- Estructura de tabla para la tabla `tblmenu`
--

CREATE TABLE `tblmenu` (
  `id_menu` int(11) NOT NULL,
  `nombre` varchar(255) NOT NULL,
  `prioridad` int(11) NOT NULL,
  `icono` varchar(255) NOT NULL,
  `visible` tinyint(4) NOT NULL,
  `created_at` datetime NOT NULL DEFAULT current_timestamp(),
  `update_at` datetime NOT NULL DEFAULT current_timestamp(),
  `deleted_at` datetime DEFAULT NULL
) ENGINE=InnoDB DEFAULT CHARSET=utf8;

--
-- Volcado de datos para la tabla `tblmenu`
--

INSERT INTO `tblmenu` (`id_menu`, `nombre`, `prioridad`, `icono`, `visible`, `created_at`, `update_at`, `deleted_at`) VALUES
(14, 'Empresas', 1, 'fa fa-university', 1, '2021-09-28 20:06:15', '2021-09-28 20:06:15', NULL),
(15, 'Rubros', 6, 'fa fa-glass ', 1, '2021-09-29 19:29:35', '2021-09-29 19:29:35', NULL),
(16, 'Ofertas Pendientes', 7, 'fa fa-hand-paper-o', 1, '2021-10-01 11:39:12', '2021-10-01 11:39:12', NULL),
(17, 'Ofertas Aprobadas', 8, 'fa fa-hand-peace-o', 1, '2021-10-01 11:39:12', '2021-10-01 11:39:12', NULL),
(18, 'Ofertas Activas', 2, 'fa fa-check ', 1, '2021-10-01 11:39:12', '2021-10-01 11:39:12', NULL),
(19, 'Ofertas Pasadas', 9, 'fa fa-backward', 1, '2021-10-01 11:39:12', '2021-10-01 11:39:12', NULL),
(20, 'Ofertas Rechazadas', 10, 'fa fa-times', 1, '2021-10-01 11:39:12', '2021-10-01 11:39:12', NULL),
(21, 'Ofertas Descartadas', 11, 'fa fa-trash', 1, '2021-10-01 11:39:12', '2021-10-01 11:39:12', NULL),
(22, 'Agregar Ofertas', 3, 'fa fa-star', 1, '2021-10-01 16:19:51', '2021-10-01 16:19:51', NULL),
(23, 'Dependientes', 5, 'fa fa-users', 1, '2021-10-01 18:48:58', '2021-10-01 18:48:58', NULL),
(24, 'Tarjetas', 12, 'fa fa-credit-card', 1, '2021-10-13 15:56:56', '2021-10-13 15:56:56', NULL),
(25, 'Clientes', 4, 'fa fa-users', 1, '2021-10-15 14:35:15', '2021-10-15 14:35:15', NULL);

-- --------------------------------------------------------

--
-- Estructura de tabla para la tabla `tblmodulo`
--

CREATE TABLE `tblmodulo` (
  `id_modulo` int(11) NOT NULL,
  `nombre` varchar(255) NOT NULL,
  `descripcion` varchar(255) NOT NULL,
  `filename` varchar(255) NOT NULL,
  `icono` varchar(255) NOT NULL,
  `mostrar_menu` tinyint(4) NOT NULL,
  `admin` tinyint(4) NOT NULL,
  `created_at` datetime NOT NULL DEFAULT current_timestamp(),
  `updated_at` datetime NOT NULL DEFAULT current_timestamp(),
  `deleted_at` datetime DEFAULT NULL,
  `id_menu_MOD` int(11) NOT NULL
) ENGINE=InnoDB DEFAULT CHARSET=utf8;

--
-- Volcado de datos para la tabla `tblmodulo`
--

INSERT INTO `tblmodulo` (`id_modulo`, `nombre`, `descripcion`, `filename`, `icono`, `mostrar_menu`, `admin`, `created_at`, `updated_at`, `deleted_at`, `id_menu_MOD`) VALUES
(69, 'Admin Empresas', 'Admin Empresas', 'empresa/', '', 1, 1, '2021-09-28 20:09:02', '2021-09-28 20:09:02', NULL, 14),
(70, 'Agregar Empresa', 'Agregar Empresa', 'empresa/agregar_empresa', '', 0, 0, '2021-09-28 20:09:02', '2021-09-28 20:09:02', NULL, 14),
(71, 'Editar Empresa', 'Editar Empresa', 'empresa/editar_empresa', '', 0, 0, '2021-09-28 20:09:02', '2021-09-28 20:09:02', NULL, 14),
(72, 'Borrar Empresa', 'Borrar Empresa', 'empresa/borrar_empresa', '', 0, 0, '2021-09-28 20:09:02', '2021-09-28 20:09:02', NULL, 14),
(73, 'Admin Rubros', 'Admin Rubros', 'rubros/', '', 1, 1, '2021-09-29 19:31:28', '2021-09-29 19:31:28', NULL, 15),
(74, 'Agregar Rubro', 'Agregar Rubro', 'rubros/agregar_rubro/', '', 0, 0, '2021-09-29 19:31:28', '2021-09-29 19:31:28', NULL, 15),
(75, 'Editar Rubro', 'Editar Rubro', 'rubros/editar_rubro/', '', 0, 0, '2021-09-29 19:31:28', '2021-09-29 19:31:28', NULL, 15),
(76, 'Borrar Rubro', 'Borrar Rubro', 'rubros/borrar_rubro/', '', 0, 0, '2021-09-29 19:31:28', '2021-09-29 19:31:28', NULL, 15),
(77, 'Ofertas Pendientes', 'Ofertas Pendientes', 'ofertas_Pendientes/', '', 1, 1, '2021-10-01 11:42:19', '2021-10-01 11:42:19', NULL, 16),
(78, 'Ofertas Aprobadas', 'Ofertas Aprobadas', 'ofertas_Aprobadas/', '', 1, 1, '2021-10-01 11:42:19', '2021-10-01 11:42:19', NULL, 17),
(79, 'Ofertas Activas', 'Ofertas Activas', 'ofertas_Activas/', '', 1, 1, '2021-10-01 11:42:19', '2021-10-01 11:42:19', NULL, 18),
(80, 'Ofertas Pasadas', 'Ofertas Pasadas', 'ofertas_Pasadas/', '', 1, 1, '2021-10-01 11:42:19', '2021-10-01 11:42:19', NULL, 19),
(81, 'Ofertas Rechazadas', 'Ofertas Rechazadas', 'ofertas_Rechazadas/', '', 1, 1, '2021-10-01 11:42:19', '2021-10-01 11:42:19', NULL, 20),
(82, 'Ofertas Descartadas', 'Ofertas Descartadas', 'ofertas_Descartadas/', '', 1, 1, '2021-10-01 11:42:19', '2021-10-01 11:42:19', NULL, 21),
(83, 'Agregar Oferta', 'Agregar Oferta', 'ofertas/agregar_oferta', '', 1, 1, '2021-10-01 16:20:16', '2021-10-01 16:20:16', NULL, 22),
(84, 'Admin Dependientes', 'Admin Dependientes', 'dependientes/', '', 1, 1, '2021-10-01 18:50:48', '2021-10-01 18:50:48', NULL, 23),
(85, 'Agregar Dependiente', 'Agregar Dependiente', 'dependientes/agregar_dependiente', '', 0, 0, '2021-10-01 18:50:48', '2021-10-01 18:50:48', NULL, 23),
(86, 'Editar Dependiente', 'Editar Dependiente', 'dependientes/editar_dependiente', '', 0, 0, '2021-10-01 18:50:48', '2021-10-01 18:50:48', NULL, 23),
(87, 'Borrar Dependiente', 'Borrar Dependiente', 'dependientes/borrar_dependiente', '', 0, 0, '2021-10-01 18:50:48', '2021-10-01 18:50:48', NULL, 23),
(88, 'ver_oferta', 'ver_oferta', 'ofertas/ver_oferta', '', 0, 0, '2021-10-01 21:19:00', '2021-10-01 21:19:00', NULL, 22),
(89, 'Editar Oferta', 'Editar Oferta', 'ofertas/editar_oferta', '', 0, 0, '2021-10-01 21:19:00', '2021-10-01 21:19:00', NULL, 22),
(90, 'Borrar Oferta', 'Borrar Oferta', 'ofertas/borrar_oferta', '', 0, 0, '2021-10-01 21:19:00', '2021-10-01 21:19:00', NULL, 22),
(91, 'Rechazar Oferta', 'Rechazar Oferta', 'ofertas/rechazar_oferta', '', 0, 0, '2021-10-01 21:19:00', '2021-10-01 21:19:00', NULL, 22),
(92, 'Descartar Oferta', 'Descartar Oferta', 'ofertas/descartar_oferta', '', 0, 0, '2021-10-01 21:19:00', '2021-10-01 21:19:00', NULL, 22),
(93, 'Aprobar Oferta', 'Aprobar Oferta', 'ofertas/aprobar_oferta', '', 0, 0, '2021-10-01 21:19:00', '2021-10-01 21:19:00', NULL, 22),
(94, 'Ver Justificacion', 'Ver Justificacion', 'ofertas/ver_justificacion', '', 0, 0, '2021-10-13 03:11:01', '2021-10-13 03:11:01', NULL, 22),
(95, 'Admin Tarjetas', 'Admin Tarjetas', 'tarjetas/', '', 1, 1, '2021-10-13 16:00:23', '2021-10-13 16:00:23', NULL, 24),
(96, 'Agregar Tarjeta', 'Agregar Tarjeta', 'tarjetas/agregar_tarjeta/', '', 0, 0, '2021-10-13 16:00:23', '2021-10-13 16:00:23', NULL, 24),
(97, 'Editar Tarjeta', 'Editar Tarjeta', 'tarjetas/editar_tarjeta/', '', 0, 0, '2021-10-13 16:00:23', '2021-10-13 16:00:23', NULL, 24),
(98, 'Borrar Tarjeta', 'Borrar Tarjeta', 'tarjetas/borrar_tarjeta/', '', 0, 0, '2021-10-13 16:00:23', '2021-10-13 16:00:23', NULL, 24),
(99, 'Admin Cliente', 'Admin Cliente', 'clientes/', '', 1, 1, '2021-10-15 14:38:07', '2021-10-15 14:38:07', NULL, 25);

-- --------------------------------------------------------

--
-- Estructura de tabla para la tabla `tblmunicipio`
--

CREATE TABLE `tblmunicipio` (
  `id_municipio` int(11) NOT NULL,
  `municipio` varchar(255) NOT NULL,
  `created_at` datetime NOT NULL DEFAULT current_timestamp(),
  `updated_at` datetime NOT NULL DEFAULT current_timestamp(),
  `deleted_at` datetime DEFAULT NULL,
  `id_departamento_MUN` int(11) NOT NULL
) ENGINE=InnoDB DEFAULT CHARSET=utf8;

--
-- Volcado de datos para la tabla `tblmunicipio`
--

INSERT INTO `tblmunicipio` (`id_municipio`, `municipio`, `created_at`, `updated_at`, `deleted_at`, `id_departamento_MUN`) VALUES
(1, 'Ahuachapán', '2020-11-30 13:37:39', '2020-11-30 13:37:39', NULL, 1),
(2, 'Jujutla', '2020-11-30 13:37:39', '2020-11-30 13:37:39', NULL, 1),
(3, 'Atiquizaya', '2020-11-30 13:37:39', '2020-11-30 13:37:39', NULL, 1),
(4, 'Concepción de Ataco', '2020-11-30 13:37:39', '2020-11-30 13:37:39', NULL, 1),
(5, 'El Refugio', '2020-11-30 13:37:39', '2020-11-30 13:37:39', NULL, 1),
(6, 'Guaymango', '2020-11-30 13:37:39', '2020-11-30 13:37:39', NULL, 1),
(7, 'Apaneca', '2020-11-30 13:37:39', '2020-11-30 13:37:39', NULL, 1),
(8, 'San Francisco Menéndez', '2020-11-30 13:37:39', '2020-11-30 13:37:39', NULL, 1),
(9, 'San Lorenzo', '2020-11-30 13:37:39', '2020-11-30 13:37:39', NULL, 1),
(10, 'San Pedro Puxtla', '2020-11-30 13:37:39', '2020-11-30 13:37:39', NULL, 1),
(11, 'Tacuba', '2020-11-30 13:37:39', '2020-11-30 13:37:39', NULL, 1),
(12, 'Turín', '2020-11-30 13:37:39', '2020-11-30 13:37:39', NULL, 1),
(13, 'Candelaria de la Frontera', '2020-11-30 13:37:39', '2020-11-30 13:37:39', NULL, 2),
(14, 'Chalchuapa', '2020-11-30 13:37:39', '2020-11-30 13:37:39', NULL, 2),
(15, 'Coatepeque', '2020-11-30 13:37:39', '2020-11-30 13:37:39', NULL, 2),
(16, 'El Congo', '2020-11-30 13:37:39', '2020-11-30 13:37:39', NULL, 2),
(17, 'El Porvenir', '2020-11-30 13:37:39', '2020-11-30 13:37:39', NULL, 2),
(18, 'Masahuat', '2020-11-30 13:37:39', '2020-11-30 13:37:39', NULL, 2),
(19, 'Metapán', '2020-11-30 13:37:39', '2020-11-30 13:37:39', NULL, 2),
(20, 'San Antonio Pajonal', '2020-11-30 13:37:39', '2020-11-30 13:37:39', NULL, 2),
(21, 'San Sebastián Salitrillo', '2020-11-30 13:37:39', '2020-11-30 13:37:39', NULL, 2),
(22, 'Santa Ana', '2020-11-30 13:37:39', '2020-11-30 13:37:39', NULL, 2),
(23, 'Santa Rosa Guachipilín', '2020-11-30 13:37:39', '2020-11-30 13:37:39', NULL, 2),
(24, 'Santiago de la Frontera', '2020-11-30 13:37:39', '2020-11-30 13:37:39', NULL, 2),
(25, 'Texistepeque', '2020-11-30 13:37:39', '2020-11-30 13:37:39', NULL, 2),
(26, 'Acajutla', '2020-11-30 13:37:39', '2020-11-30 13:37:39', NULL, 3),
(27, 'Armenia', '2020-11-30 13:37:39', '2020-11-30 13:37:39', NULL, 3),
(28, 'Caluco', '2020-11-30 13:37:39', '2020-11-30 13:37:39', NULL, 3),
(29, 'Cuisnahuat', '2020-11-30 13:37:39', '2020-11-30 13:37:39', NULL, 3),
(30, 'Izalco', '2020-11-30 13:37:39', '2020-11-30 13:37:39', NULL, 3),
(31, 'Juayúa', '2020-11-30 13:37:39', '2020-11-30 13:37:39', NULL, 3),
(32, 'Nahuizalco', '2020-11-30 13:37:39', '2020-11-30 13:37:39', NULL, 3),
(33, 'Nahulingo', '2020-11-30 13:37:39', '2020-11-30 13:37:39', NULL, 3),
(34, 'Salcoatitán', '2020-11-30 13:37:39', '2020-11-30 13:37:39', NULL, 3),
(35, 'San Antonio del Monte', '2020-11-30 13:37:39', '2020-11-30 13:37:39', NULL, 3),
(36, 'San Julián', '2020-11-30 13:37:39', '2020-11-30 13:37:39', NULL, 3),
(37, 'Santa Catarina Masahuat', '2020-11-30 13:37:39', '2020-11-30 13:37:39', NULL, 3),
(38, 'Santa Isabel Ishuatán', '2020-11-30 13:37:39', '2020-11-30 13:37:39', NULL, 3),
(39, 'Santo Domingo de Guzmán', '2020-11-30 13:37:39', '2020-11-30 13:37:39', NULL, 3),
(40, 'Sonsonate', '2020-11-30 13:37:39', '2020-11-30 13:37:39', NULL, 3),
(41, 'Sonzacate', '2020-11-30 13:37:39', '2020-11-30 13:37:39', NULL, 3),
(42, 'Alegría', '2020-11-30 13:37:39', '2020-11-30 13:37:39', NULL, 4),
(43, 'Berlín', '2020-11-30 13:37:39', '2020-11-30 13:37:39', NULL, 11),
(44, 'California', '2020-11-30 13:37:39', '2020-11-30 13:37:39', NULL, 11),
(45, 'Concepción Batres', '2020-11-30 13:37:39', '2020-11-30 13:37:39', NULL, 11),
(46, 'El Triunfo', '2020-11-30 13:37:39', '2020-11-30 13:37:39', NULL, 11),
(47, 'Ereguayquín', '2020-11-30 13:37:39', '2020-11-30 13:37:39', NULL, 11),
(48, 'Estanzuelas', '2020-11-30 13:37:39', '2020-11-30 13:37:39', NULL, 11),
(49, 'Jiquilisco', '2020-11-30 13:37:39', '2020-11-30 13:37:39', NULL, 11),
(50, 'Jucuapa', '2020-11-30 13:37:39', '2020-11-30 13:37:39', NULL, 11),
(51, 'Jucuarán', '2020-11-30 13:37:39', '2020-11-30 13:37:39', NULL, 11),
(52, 'Mercedes Umaña', '2020-11-30 13:37:39', '2020-11-30 13:37:39', NULL, 11),
(53, 'Nueva Granada', '2020-11-30 13:37:39', '2020-11-30 13:37:39', NULL, 11),
(54, 'Ozatlán', '2020-11-30 13:37:39', '2020-11-30 13:37:39', NULL, 11),
(55, 'Puerto El Triunfo', '2020-11-30 13:37:39', '2020-11-30 13:37:39', NULL, 11),
(56, 'San Agustín', '2020-11-30 13:37:39', '2020-11-30 13:37:39', NULL, 11),
(57, 'San Buenaventura', '2020-11-30 13:37:39', '2020-11-30 13:37:39', NULL, 11),
(58, 'San Dionisio', '2020-11-30 13:37:39', '2020-11-30 13:37:39', NULL, 11),
(59, 'San Francisco Javier', '2020-11-30 13:37:39', '2020-11-30 13:37:39', NULL, 11),
(60, 'Santa Elena', '2020-11-30 13:37:39', '2020-11-30 13:37:39', NULL, 11),
(61, 'Santa María', '2020-11-30 13:37:39', '2020-11-30 13:37:39', NULL, 11),
(62, 'Santiago de María', '2020-11-30 13:37:39', '2020-11-30 13:37:39', NULL, 11),
(63, 'Tecapán', '2020-11-30 13:37:39', '2020-11-30 13:37:39', NULL, 11),
(64, 'Usulután', '2020-11-30 13:37:39', '2020-11-30 13:37:39', NULL, 11),
(65, 'Carolina', '2020-11-30 13:37:39', '2020-11-30 13:37:39', NULL, 13),
(66, 'Chapeltique', '2020-11-30 13:37:39', '2020-11-30 13:37:39', NULL, 13),
(67, 'Chinameca', '2020-11-30 13:37:39', '2020-11-30 13:37:39', NULL, 13),
(68, 'Chirilagua', '2020-11-30 13:37:39', '2020-11-30 13:37:39', NULL, 13),
(69, 'Ciudad Barrios', '2020-11-30 13:37:39', '2020-11-30 13:37:39', NULL, 13),
(70, 'Comacarán', '2020-11-30 13:37:39', '2020-11-30 13:37:39', NULL, 13),
(71, 'El Tránsito', '2020-11-30 13:37:39', '2020-11-30 13:37:39', NULL, 13),
(72, 'Lolotique', '2020-11-30 13:37:39', '2020-11-30 13:37:39', NULL, 13),
(73, 'Moncagua', '2020-11-30 13:37:39', '2020-11-30 13:37:39', NULL, 13),
(74, 'Nueva Guadalupe', '2020-11-30 13:37:39', '2020-11-30 13:37:39', NULL, 13),
(75, 'Nuevo Edén de San Juan', '2020-11-30 13:37:39', '2020-11-30 13:37:39', NULL, 13),
(76, 'Quelepa', '2020-11-30 13:37:39', '2020-11-30 13:37:39', NULL, 13),
(77, 'San Antonio del Mosco', '2020-11-30 13:37:39', '2020-11-30 13:37:39', NULL, 13),
(78, 'San Gerardo', '2020-11-30 13:37:39', '2020-11-30 13:37:39', NULL, 13),
(79, 'San Jorge', '2020-11-30 13:37:39', '2020-11-30 13:37:39', NULL, 13),
(80, 'San Luis de la Reina', '2020-11-30 13:37:39', '2020-11-30 13:37:39', NULL, 13),
(81, 'San Miguel', '2020-11-30 13:37:39', '2020-11-30 13:37:39', NULL, 13),
(82, 'San Rafael Oriente', '2020-11-30 13:37:39', '2020-11-30 13:37:39', NULL, 13),
(83, 'Sesori', '2020-11-30 13:37:39', '2020-11-30 13:37:39', NULL, 13),
(84, 'Uluazapa', '2020-11-30 13:37:39', '2020-11-30 13:37:39', NULL, 13),
(85, 'Arambala', '2020-11-30 13:37:39', '2020-11-30 13:37:39', NULL, 12),
(86, 'Cacaopera', '2020-11-30 13:37:39', '2020-11-30 13:37:39', NULL, 12),
(87, 'Chilanga', '2020-11-30 13:37:39', '2020-11-30 13:37:39', NULL, 12),
(88, 'Corinto', '2020-11-30 13:37:39', '2020-11-30 13:37:39', NULL, 12),
(89, 'Delicias de Concepción', '2020-11-30 13:37:39', '2020-11-30 13:37:39', NULL, 12),
(90, 'El Divisadero', '2020-11-30 13:37:39', '2020-11-30 13:37:39', NULL, 12),
(91, 'El Rosario', '2020-11-30 13:37:39', '2020-11-30 13:37:39', NULL, 12),
(92, 'Gualococti', '2020-11-30 13:37:39', '2020-11-30 13:37:39', NULL, 12),
(93, 'Guatajiagua', '2020-11-30 13:37:39', '2020-11-30 13:37:39', NULL, 12),
(94, 'Joateca', '2020-11-30 13:37:39', '2020-11-30 13:37:39', NULL, 12),
(95, 'Jocoaitique', '2020-11-30 13:37:39', '2020-11-30 13:37:39', NULL, 12),
(96, 'Jocoro', '2020-11-30 13:37:39', '2020-11-30 13:37:39', NULL, 12),
(97, 'Lolotiquillo', '2020-11-30 13:37:39', '2020-11-30 13:37:39', NULL, 12),
(98, 'Meanguera', '2020-11-30 13:37:39', '2020-11-30 13:37:39', NULL, 12),
(99, 'Osicala', '2020-11-30 13:37:39', '2020-11-30 13:37:39', NULL, 12),
(100, 'Perquín', '2020-11-30 13:37:39', '2020-11-30 13:37:39', NULL, 12),
(101, 'San Carlos', '2020-11-30 13:37:39', '2020-11-30 13:37:39', NULL, 12),
(102, 'San Fernando', '2020-11-30 13:37:39', '2020-11-30 13:37:39', NULL, 12),
(103, 'San Francisco Gotera', '2020-11-30 13:37:39', '2020-11-30 13:37:39', NULL, 12),
(104, 'San Isidro', '2020-11-30 13:37:39', '2020-11-30 13:37:39', NULL, 12),
(105, 'San Simón', '2020-11-30 13:37:39', '2020-11-30 13:37:39', NULL, 12),
(106, 'Sensembra', '2020-11-30 13:37:39', '2020-11-30 13:37:39', NULL, 12),
(107, 'Sociedad', '2020-11-30 13:37:39', '2020-11-30 13:37:39', NULL, 12),
(108, 'Torola', '2020-11-30 13:37:39', '2020-11-30 13:37:39', NULL, 12),
(109, 'Yamabal', '2020-11-30 13:37:39', '2020-11-30 13:37:39', NULL, 12),
(110, 'Yoloaiquín', '2020-11-30 13:37:39', '2020-11-30 13:37:39', NULL, 12),
(111, 'La Unión', '2020-11-30 13:37:39', '2020-11-30 13:37:39', NULL, 14),
(112, 'San Alejo', '2020-11-30 13:37:39', '2020-11-30 13:37:39', NULL, 14),
(113, 'Yucuaiquín', '2020-11-30 13:37:39', '2020-11-30 13:37:39', NULL, 14),
(114, 'Conchagua', '2020-11-30 13:37:39', '2020-11-30 13:37:39', NULL, 14),
(115, 'Intipucá', '2020-11-30 13:37:39', '2020-11-30 13:37:39', NULL, 14),
(116, 'San José', '2020-11-30 13:37:39', '2020-11-30 13:37:39', NULL, 14),
(117, 'El Carmen', '2020-11-30 13:37:39', '2020-11-30 13:37:39', NULL, 14),
(118, 'Yayantique', '2020-11-30 13:37:39', '2020-11-30 13:37:39', NULL, 14),
(119, 'Bolívar', '2020-11-30 13:37:39', '2020-11-30 13:37:39', NULL, 14),
(120, 'Meanguera del Golfo', '2020-11-30 13:37:39', '2020-11-30 13:37:39', NULL, 14),
(121, 'Santa Rosa de Lima', '2020-11-30 13:37:39', '2020-11-30 13:37:39', NULL, 14),
(122, 'Pasaquina', '2020-11-30 13:37:39', '2020-11-30 13:37:39', NULL, 14),
(123, 'ANAMOROS', '2020-11-30 13:37:39', '2020-11-30 13:37:39', NULL, 14),
(124, 'Nueva Esparta', '2020-11-30 13:37:39', '2020-11-30 13:37:39', NULL, 14),
(125, 'El Sauce', '2020-11-30 13:37:39', '2020-11-30 13:37:39', NULL, 14),
(126, 'Concepción de Oriente', '2020-11-30 13:37:39', '2020-11-30 13:37:39', NULL, 14),
(127, 'Polorós', '2020-11-30 13:37:39', '2020-11-30 13:37:39', NULL, 14),
(128, 'Lislique ', '2020-11-30 13:37:39', '2020-11-30 13:37:39', NULL, 14),
(129, 'Antiguo Cuscatlán', '2020-11-30 13:37:39', '2020-11-30 13:37:39', NULL, 4),
(130, 'Chiltiupán', '2020-11-30 13:37:39', '2020-11-30 13:37:39', NULL, 4),
(131, 'Ciudad Arce', '2020-11-30 13:37:39', '2020-11-30 13:37:39', NULL, 4),
(132, 'Colón', '2020-11-30 13:37:39', '2020-11-30 13:37:39', NULL, 4),
(133, 'Comasagua', '2020-11-30 13:37:39', '2020-11-30 13:37:39', NULL, 4),
(134, 'Huizúcar', '2020-11-30 13:37:39', '2020-11-30 13:37:39', NULL, 4),
(135, 'Jayaque', '2020-11-30 13:37:39', '2020-11-30 13:37:39', NULL, 4),
(136, 'Jicalapa', '2020-11-30 13:37:39', '2020-11-30 13:37:39', NULL, 4),
(137, 'La Libertad', '2020-11-30 13:37:39', '2020-11-30 13:37:39', NULL, 4),
(138, 'Santa Tecla', '2020-11-30 13:37:39', '2020-11-30 13:37:39', NULL, 4),
(139, 'Nuevo Cuscatlán', '2020-11-30 13:37:39', '2020-11-30 13:37:39', NULL, 4),
(140, 'San Juan Opico', '2020-11-30 13:37:39', '2020-11-30 13:37:39', NULL, 4),
(141, 'Quezaltepeque', '2020-11-30 13:37:39', '2020-11-30 13:37:39', NULL, 4),
(142, 'Sacacoyo', '2020-11-30 13:37:39', '2020-11-30 13:37:39', NULL, 4),
(143, 'San José Villanueva', '2020-11-30 13:37:39', '2020-11-30 13:37:39', NULL, 4),
(144, 'San Matías', '2020-11-30 13:37:39', '2020-11-30 13:37:39', NULL, 4),
(145, 'San Pablo Tacachico', '2020-11-30 13:37:39', '2020-11-30 13:37:39', NULL, 4),
(146, 'Talnique', '2020-11-30 13:37:39', '2020-11-30 13:37:39', NULL, 4),
(147, 'Tamanique', '2020-11-30 13:37:39', '2020-11-30 13:37:39', NULL, 4),
(148, 'Teotepeque', '2020-11-30 13:37:39', '2020-11-30 13:37:39', NULL, 4),
(149, 'Tepecoyo', '2020-11-30 13:37:39', '2020-11-30 13:37:39', NULL, 4),
(150, 'Zaragoza', '2020-11-30 13:37:39', '2020-11-30 13:37:39', NULL, 4),
(151, 'Agua Caliente', '2020-11-30 13:37:39', '2020-11-30 13:37:39', NULL, 5),
(152, 'Arcatao', '2020-11-30 13:37:39', '2020-11-30 13:37:39', NULL, 5),
(153, 'Azacualpa', '2020-11-30 13:37:39', '2020-11-30 13:37:39', NULL, 5),
(154, 'Cancasque', '2020-11-30 13:37:39', '2020-11-30 13:37:39', NULL, 5),
(155, 'Chalatenango', '2020-11-30 13:37:39', '2020-11-30 13:37:39', NULL, 5),
(156, 'Citalá', '2020-11-30 13:37:39', '2020-11-30 13:37:39', NULL, 5),
(157, 'Comapala', '2020-11-30 13:37:39', '2020-11-30 13:37:39', NULL, 5),
(158, 'Concepción Quezaltepeque', '2020-11-30 13:37:39', '2020-11-30 13:37:39', NULL, 5),
(159, 'Dulce Nombre de María', '2020-11-30 13:37:39', '2020-11-30 13:37:39', NULL, 5),
(160, 'El Carrizal', '2020-11-30 13:37:39', '2020-11-30 13:37:39', NULL, 5),
(161, 'El Paraíso', '2020-11-30 13:37:39', '2020-11-30 13:37:39', NULL, 5),
(162, 'La Laguna', '2020-11-30 13:37:39', '2020-11-30 13:37:39', NULL, 5),
(163, 'La Palma', '2020-11-30 13:37:39', '2020-11-30 13:37:39', NULL, 5),
(164, 'La Reina', '2020-11-30 13:37:39', '2020-11-30 13:37:39', NULL, 5),
(165, 'Las Vueltas', '2020-11-30 13:37:39', '2020-11-30 13:37:39', NULL, 5),
(166, 'Nueva Concepción', '2020-11-30 13:37:39', '2020-11-30 13:37:39', NULL, 5),
(167, 'Nueva Trinidad', '2020-11-30 13:37:39', '2020-11-30 13:37:39', NULL, 5),
(168, 'Nombre de Jesús', '2020-11-30 13:37:39', '2020-11-30 13:37:39', NULL, 5),
(169, 'Ojos de Agua', '2020-11-30 13:37:39', '2020-11-30 13:37:39', NULL, 5),
(170, 'Potonico', '2020-11-30 13:37:39', '2020-11-30 13:37:39', NULL, 5),
(171, 'San Antonio de la Cruz', '2020-11-30 13:37:39', '2020-11-30 13:37:39', NULL, 5),
(172, 'San Antonio Los Ranchos', '2020-11-30 13:37:39', '2020-11-30 13:37:39', NULL, 5),
(173, 'San Fernando', '2020-11-30 13:37:39', '2020-11-30 13:37:39', NULL, 5),
(174, 'San Francisco Lempa', '2020-11-30 13:37:39', '2020-11-30 13:37:39', NULL, 5),
(175, 'San Francisco Morazán', '2020-11-30 13:37:39', '2020-11-30 13:37:39', NULL, 5),
(176, 'San Ignacio', '2020-11-30 13:37:39', '2020-11-30 13:37:39', NULL, 5),
(177, 'San Isidro Labrador', '2020-11-30 13:37:39', '2020-11-30 13:37:39', NULL, 5),
(178, 'Las Flores', '2020-11-30 13:37:39', '2020-11-30 13:37:39', NULL, 5),
(179, 'San Luis del Carmen', '2020-11-30 13:37:39', '2020-11-30 13:37:39', NULL, 5),
(180, 'San Miguel de Mercedes', '2020-11-30 13:37:39', '2020-11-30 13:37:39', NULL, 5),
(181, 'San Rafael', '2020-11-30 13:37:39', '2020-11-30 13:37:39', NULL, 5),
(182, 'Santa Rita', '2020-11-30 13:37:39', '2020-11-30 13:37:39', NULL, 5),
(183, 'Tejutla', '2020-11-30 13:37:39', '2020-11-30 13:37:39', NULL, 5),
(184, 'Cojutepeque', '2020-11-30 13:37:39', '2020-11-30 13:37:39', NULL, 7),
(185, 'Candelaria', '2020-11-30 13:37:39', '2020-11-30 13:37:39', NULL, 7),
(186, 'El Carmen', '2020-11-30 13:37:39', '2020-11-30 13:37:39', NULL, 7),
(187, 'El Rosario', '2020-11-30 13:37:39', '2020-11-30 13:37:39', NULL, 7),
(188, 'Monte San Juan', '2020-11-30 13:37:39', '2020-11-30 13:37:39', NULL, 7),
(189, 'Oratorio de Concepción', '2020-11-30 13:37:39', '2020-11-30 13:37:39', NULL, 7),
(190, 'San Bartolomé Perulapía', '2020-11-30 13:37:39', '2020-11-30 13:37:39', NULL, 7),
(191, 'San Cristóbal', '2020-11-30 13:37:39', '2020-11-30 13:37:39', NULL, 7),
(192, 'San José Guayabal', '2020-11-30 13:37:39', '2020-11-30 13:37:39', NULL, 7),
(193, 'San Pedro Perulapán', '2020-11-30 13:37:39', '2020-11-30 13:37:39', NULL, 7),
(194, 'San Rafael Cedros', '2020-11-30 13:37:39', '2020-11-30 13:37:39', NULL, 7),
(195, 'San Ramón', '2020-11-30 13:37:39', '2020-11-30 13:37:39', NULL, 7),
(196, 'Santa Cruz Analquito', '2020-11-30 13:37:39', '2020-11-30 13:37:39', NULL, 7),
(197, 'Santa Cruz Michapa', '2020-11-30 13:37:39', '2020-11-30 13:37:39', NULL, 7),
(198, 'Suchitoto', '2020-11-30 13:37:39', '2020-11-30 13:37:39', NULL, 7),
(199, 'Tenancingo', '2020-11-30 13:37:39', '2020-11-30 13:37:39', NULL, 7),
(200, 'Aguilares', '2020-11-30 13:37:39', '2020-11-30 13:37:39', NULL, 6),
(201, 'Apopa', '2020-11-30 13:37:39', '2020-11-30 13:37:39', NULL, 6),
(202, 'Ayutuxtepeque', '2020-11-30 13:37:39', '2020-11-30 13:37:39', NULL, 6),
(203, 'Cuscatancingo', '2020-11-30 13:37:39', '2020-11-30 13:37:39', NULL, 6),
(204, 'Ciudad Delgado', '2020-11-30 13:37:39', '2020-11-30 13:37:39', NULL, 6),
(205, 'El Paisnal', '2020-11-30 13:37:39', '2020-11-30 13:37:39', NULL, 6),
(206, 'Guazapa', '2020-11-30 13:37:39', '2020-11-30 13:37:39', NULL, 6),
(207, 'Ilopango', '2020-11-30 13:37:39', '2020-11-30 13:37:39', NULL, 6),
(208, 'Mejicanos', '2020-11-30 13:37:39', '2020-11-30 13:37:39', NULL, 6),
(209, 'Nejapa', '2020-11-30 13:37:39', '2020-11-30 13:37:39', NULL, 6),
(210, 'Panchimalco', '2020-11-30 13:37:39', '2020-11-30 13:37:39', NULL, 6),
(211, 'Rosario de Mora', '2020-11-30 13:37:39', '2020-11-30 13:37:39', NULL, 6),
(212, 'San Marcos', '2020-11-30 13:37:39', '2020-11-30 13:37:39', NULL, 6),
(213, 'San Martín', '2020-11-30 13:37:39', '2020-11-30 13:37:39', NULL, 6),
(214, 'San Salvador', '2020-11-30 13:37:39', '2020-11-30 13:37:39', NULL, 6),
(215, 'Santiago Texacuangos', '2020-11-30 13:37:39', '2020-11-30 13:37:39', NULL, 6),
(216, 'Santo Tomás', '2020-11-30 13:37:39', '2020-11-30 13:37:39', NULL, 6),
(217, 'Soyapango', '2020-11-30 13:37:39', '2020-11-30 13:37:39', NULL, 6),
(218, 'Tonacatepeque', '2020-11-30 13:37:39', '2020-11-30 13:37:39', NULL, 6),
(219, 'Zacatecoluca', '2020-11-30 13:37:39', '2020-11-30 13:37:39', NULL, 8),
(220, 'Cuyultitán', '2020-11-30 13:37:39', '2020-11-30 13:37:39', NULL, 8),
(221, 'El Rosario', '2020-11-30 13:37:39', '2020-11-30 13:37:39', NULL, 8),
(222, 'Jerusalén', '2020-11-30 13:37:39', '2020-11-30 13:37:39', NULL, 8),
(223, 'Mercedes La Ceiba', '2020-11-30 13:37:39', '2020-11-30 13:37:39', NULL, 8),
(224, 'Olocuilta', '2020-11-30 13:37:39', '2020-11-30 13:37:39', NULL, 8),
(225, 'Paraíso de Osorio', '2020-11-30 13:37:39', '2020-11-30 13:37:39', NULL, 8),
(226, 'San Antonio Masahuat', '2020-11-30 13:37:39', '2020-11-30 13:37:39', NULL, 8),
(227, 'San Emigdio', '2020-11-30 13:37:39', '2020-11-30 13:37:39', NULL, 8),
(228, 'San Francisco Chinameca', '2020-11-30 13:37:39', '2020-11-30 13:37:39', NULL, 8),
(229, 'San Pedro Masahuat', '2020-11-30 13:37:39', '2020-11-30 13:37:39', NULL, 8),
(230, 'San Juan Nonualco', '2020-11-30 13:37:39', '2020-11-30 13:37:39', NULL, 8),
(231, 'San Juan Talpa', '2020-11-30 13:37:39', '2020-11-30 13:37:39', NULL, 8),
(232, 'San Juan Tepezontes', '2020-11-30 13:37:39', '2020-11-30 13:37:39', NULL, 8),
(233, 'San Luis La Herradura', '2020-11-30 13:37:39', '2020-11-30 13:37:39', NULL, 8),
(234, 'San Luis Talpa', '2020-11-30 13:37:39', '2020-11-30 13:37:39', NULL, 8),
(235, 'San Miguel Tepezontes', '2020-11-30 13:37:39', '2020-11-30 13:37:39', NULL, 8),
(236, 'San Pedro Nonualco', '2020-11-30 13:37:39', '2020-11-30 13:37:39', NULL, 8),
(237, 'San Rafael Obrajuelo', '2020-11-30 13:37:39', '2020-11-30 13:37:39', NULL, 8),
(238, 'Santa María Ostuma', '2020-11-30 13:37:39', '2020-11-30 13:37:39', NULL, 8),
(239, 'Santiago Nonualco', '2020-11-30 13:37:39', '2020-11-30 13:37:39', NULL, 8),
(240, 'Tapalhuaca', '2020-11-30 13:37:39', '2020-11-30 13:37:39', NULL, 8),
(241, 'Cinquera', '2020-11-30 13:37:39', '2020-11-30 13:37:39', NULL, 9),
(242, 'Dolores', '2020-11-30 13:37:39', '2020-11-30 13:37:39', NULL, 9),
(243, 'Guacotecti', '2020-11-30 13:37:39', '2020-11-30 13:37:39', NULL, 9),
(244, 'Ilobasco', '2020-11-30 13:37:39', '2020-11-30 13:37:39', NULL, 9),
(245, 'Jutiapa', '2020-11-30 13:37:39', '2020-11-30 13:37:39', NULL, 9),
(246, 'San Isidro', '2020-11-30 13:37:39', '2020-11-30 13:37:39', NULL, 9),
(247, 'Sensuntepeque', '2020-11-30 13:37:39', '2020-11-30 13:37:39', NULL, 9),
(248, 'Tejutepeque', '2020-11-30 13:37:39', '2020-11-30 13:37:39', NULL, 9),
(249, 'Victoria', '2020-11-30 13:37:39', '2020-11-30 13:37:39', NULL, 9),
(250, 'Apastepeque', '2020-11-30 13:37:39', '2020-11-30 13:37:39', NULL, 10),
(251, 'Guadalupe', '2020-11-30 13:37:39', '2020-11-30 13:37:39', NULL, 10),
(252, 'San Cayetano Istepeque', '2020-11-30 13:37:39', '2020-11-30 13:37:39', NULL, 10),
(253, 'San Esteban Catarina', '2020-11-30 13:37:39', '2020-11-30 13:37:39', NULL, 10),
(254, 'San Ildefonso', '2020-11-30 13:37:39', '2020-11-30 13:37:39', NULL, 10),
(255, 'San Lorenzo', '2020-11-30 13:37:39', '2020-11-30 13:37:39', NULL, 10),
(256, 'San Sebastián', '2020-11-30 13:37:39', '2020-11-30 13:37:39', NULL, 10),
(257, 'San Vicente', '2020-11-30 13:37:39', '2020-11-30 13:37:39', NULL, 10),
(258, 'Santa Clara', '2020-11-30 13:37:39', '2020-11-30 13:37:39', NULL, 10),
(259, 'Santo Domingo', '2020-11-30 13:37:39', '2020-11-30 13:37:39', NULL, 10),
(260, 'Tecoluca', '2020-11-30 13:37:39', '2020-11-30 13:37:39', NULL, 10),
(261, 'Tepetitán', '2020-11-30 13:37:39', '2020-11-30 13:37:39', NULL, 10),
(262, 'Verapaz', '2020-11-30 13:37:39', '2020-11-30 13:37:39', NULL, 10);

-- --------------------------------------------------------

--
-- Estructura de tabla para la tabla `tbloferta`
--

CREATE TABLE `tbloferta` (
  `id_oferta` int(11) NOT NULL,
  `titulo_oferta` varchar(100) NOT NULL,
  `precio_regular` decimal(18,4) NOT NULL,
  `precio_oferta` decimal(18,4) NOT NULL,
  `fecha_inicio` date NOT NULL,
  `fecha_fin` date NOT NULL,
  `fecha_limite` date NOT NULL,
  `cantidad_limite_cupones` int(11) DEFAULT NULL,
  `descripcion` text NOT NULL,
  `otros_detalles` text DEFAULT NULL,
  `justificacion` text DEFAULT NULL,
  `ilimitado` tinyint(4) NOT NULL,
  `id_estado` int(11) NOT NULL,
  `id_empresa` int(11) NOT NULL,
  `url` text NOT NULL,
  `created_at` datetime NOT NULL DEFAULT current_timestamp(),
  `updated_at` datetime NOT NULL DEFAULT current_timestamp(),
  `deleted_at` datetime DEFAULT NULL
) ENGINE=InnoDB DEFAULT CHARSET=utf8mb4;

--
-- Volcado de datos para la tabla `tbloferta`
--

INSERT INTO `tbloferta` (`id_oferta`, `titulo_oferta`, `precio_regular`, `precio_oferta`, `fecha_inicio`, `fecha_fin`, `fecha_limite`, `cantidad_limite_cupones`, `descripcion`, `otros_detalles`, `justificacion`, `ilimitado`, `id_estado`, `id_empresa`, `url`, `created_at`, `updated_at`, `deleted_at`) VALUES
(1, 'Promocion de Arroz Blanco', '3.0000', '2.2500', '2021-10-01', '2021-10-13', '2021-10-31', 0, 'Promocion de Arroz Blanco en el mes de Octubre', 'Promocion de Arroz Blanco en el mes de Octubre', NULL, 1, 4, 1, 'https://www.web-uis.com/assets/images/1.png', '2021-10-12 06:37:14', '2021-10-12 06:37:14', NULL),
(2, 'Frijoles Rojos Natura', '2.2500', '1.7500', '2021-10-01', '2021-11-30', '2021-11-30', 0, 'Promocion de Frijoles Rojos Natura ', 'Promocion de Frijoles Rojos Natura ', NULL, 1, 3, 1, 'https://www.web-uis.com/assets/images/2.png', '2021-10-12 06:38:16', '2021-10-12 06:38:16', NULL),
(3, 'Promocion Pan de Barra', '2.0000', '1.5000', '2021-10-01', '2021-10-31', '2021-10-31', 0, 'Promocion Pan de Barra en Todo el mes de octubre', 'Promocion Pan de Barra en Todo el mes de octubre', NULL, 1, 3, 2, 'https://www.web-uis.com/assets/images/3.png', '2021-10-12 06:40:04', '2021-10-12 06:40:04', NULL),
(4, 'Totillas de Harina Mission', '4.0000', '2.0000', '2021-10-01', '2021-10-13', '2021-10-31', 180, 'Descuento del 50% a los primeros 200 en comprar su promocion de Totillas de Harina Mission', 'Descuento del 50% a los primeros 200 en comprar su promocion de Totillas de Harina Mission', NULL, 0, 4, 2, 'https://www.web-uis.com/assets/images/4.png', '2021-10-12 06:41:05', '2021-10-12 06:41:05', NULL),
(5, 'Libra de Azucar Blanca', '1.0000', '0.8500', '2021-10-01', '2021-10-31', '2021-10-31', 0, 'Promocion de Libra de Azucar Blanca', '', NULL, 1, 3, 3, 'https://www.web-uis.com/assets/images/5.png', '2021-10-12 07:01:42', '2021-10-12 07:01:42', NULL),
(6, 'Sal Marinada de Excelente Calidad', '4.2500', '3.5000', '2021-10-01', '2021-10-31', '2021-10-31', 0, 'Promocion de Sal Marinada de Excelente Calidad', 'Promocion de Sal Marinada de Excelente Calidad', NULL, 1, 3, 3, 'https://www.web-uis.com/assets/images/6.png', '2021-10-12 07:02:22', '2021-10-12 07:02:22', NULL),
(7, 'Botella de Vodka Smirnoff', '14.0000', '12.0000', '2021-10-01', '2021-10-31', '2021-10-31', 0, 'Promocion en tu Botella de Vodka Smirnoff', 'Promocion en tu Botella de Vodka Smirnoff', NULL, 1, 3, 4, 'https://www.web-uis.com/assets/images/7.png', '2021-10-12 07:03:13', '2021-10-12 07:03:13', NULL),
(8, 'Tequila el Patron', '85.0000', '79.9900', '2021-10-01', '2021-10-31', '2021-10-31', 0, 'Promocion en tu Tequila el Patron', '', NULL, 1, 3, 4, 'https://www.web-uis.com/assets/images/8.png', '2021-10-12 07:03:51', '2021-10-12 07:03:51', NULL),
(9, 'Cajetilla de Cigarros Marlboro', '3.5000', '3.2500', '2021-10-01', '2021-10-13', '2021-10-31', 0, 'Promocion en tu Cajetilla de Cigarros Marlboro de 20 unidades', 'Promocion en tu Cajetilla de Cigarros Marlboro de 20 unidades', NULL, 1, 4, 5, 'https://www.web-uis.com/assets/images/9.png', '2021-10-12 07:04:58', '2021-10-12 07:04:58', NULL),
(10, 'Botella de Wiskey Jack Daniel\'s', '45.0000', '42.5000', '2021-10-01', '2021-10-31', '2021-10-31', 0, 'Promocion en Botella de Wiskey Jack Daniel\'s', 'Promocion en Botella de Wiskey Jack Daniel\'s', 'No se puede', 1, 5, 5, 'https://www.web-uis.com/assets/images/10.png', '2021-10-12 07:05:48', '2021-10-12 07:05:48', NULL),
(11, 'Agua Ardiente', '4.0000', '3.0000', '2021-10-01', '2021-10-31', '2021-10-31', 0, 'Promocion en tu Agua Ardiente', '', NULL, 1, 3, 6, 'https://www.web-uis.com/assets/images/11.png', '2021-10-12 07:06:31', '2021-10-12 07:06:31', NULL),
(12, 'Cajetilla de Cigarros Dunhill', '4.5000', '4.0000', '2021-10-01', '2021-10-31', '2021-10-31', 0, 'Promocion en tu Cajetilla de Cigarros Dunhill', 'Promocion en tu Cajetilla de Cigarros Dunhill', NULL, 1, 1, 6, 'https://www.web-uis.com/assets/images/12.png', '2021-10-12 07:07:05', '2021-10-12 07:07:05', NULL),
(13, 'Zapato Para Caballero de Excelente Calidad', '50.0000', '42.5000', '2021-10-01', '2021-10-31', '2021-10-31', 0, 'Promocion en tus Zapatos Para Caballero de Excelente Calidad', '', NULL, 1, 3, 7, 'https://www.web-uis.com/assets/images/13.png', '2021-10-12 07:07:54', '2021-10-12 07:07:54', NULL),
(14, 'Zapato deportivo para dama', '35.0000', '30.0000', '2021-10-01', '2021-10-31', '2021-10-31', 0, 'Promocion en tu par de Zapatos deportivo para dama', 'Promocion en tu par de Zapatos deportivo para dama', NULL, 1, 1, 7, 'https://www.web-uis.com/assets/images/14.png', '2021-10-12 07:08:27', '2021-10-12 07:08:27', NULL),
(15, 'Calzoneta Rosada Gucci', '55.0000', '45.0000', '2021-10-01', '2021-10-31', '2021-10-31', 0, 'Promocion en tu Calzoneta Rosada Gucci', '', NULL, 1, 1, 8, 'https://www.web-uis.com/assets/images/15.png', '2021-10-12 07:09:11', '2021-10-12 07:09:11', NULL),
(16, 'Calzoneta deportiva para caballero', '40.0000', '25.0000', '2021-10-01', '2021-10-31', '2021-10-31', 100, 'Promocion en tu Calzoneta deportiva para caballero para los primeros 100 clientes', 'Promocion en tu Calzoneta deportiva para caballero para los primeros 100 clientes', NULL, 0, 1, 8, 'https://www.web-uis.com/assets/images/16.png', '2021-10-12 07:09:57', '2021-10-12 07:09:57', NULL),
(17, 'Camiseta Unisex Talla L Color Naranja', '25.0000', '20.0000', '2021-10-01', '2021-10-31', '2021-10-31', 0, 'Promocion en tu Camiseta Unisex Talla L Color Naranja', 'Promocion en tu Camiseta Unisex Talla L Color Naranja', NULL, 1, 1, 9, 'https://www.web-uis.com/assets/images/17.png', '2021-10-12 07:10:47', '2021-10-12 07:10:47', NULL),
(18, 'Camiseta Deportiva Ultrax', '30.0000', '26.0000', '2021-10-01', '2021-10-31', '2021-10-31', 0, 'Promocion en tu Camiseta Deportiva Ultrax', 'Promocion en tu Camiseta Deportiva Ultrax', NULL, 1, 1, 9, 'https://www.web-uis.com/assets/images/18.png', '2021-10-12 07:11:23', '2021-10-12 07:11:23', NULL),
(19, 'Mesa de Centro', '60.0000', '50.0000', '2021-10-01', '2021-10-31', '2021-11-30', 0, 'Promocion en tu Mesa de Centro', '', NULL, 1, 1, 10, 'https://www.web-uis.com/assets/images/20.png', '2021-10-12 07:12:13', '2021-10-12 07:12:13', NULL),
(20, 'Juego de Mesa Completo', '450.0000', '400.0000', '2021-10-01', '2021-10-31', '2021-10-31', 50, 'Promocion en tu Juego de Mesa Completo para los primeros 50 clientes', 'Promocion en tu Juego de Mesa Completo para los primeros 50 clientes', NULL, 0, 1, 10, 'https://www.web-uis.com/assets/images/19.png', '2021-10-12 07:13:35', '2021-10-12 07:13:35', NULL),
(21, 'Planos Arquitectonicos', '200.0000', '150.0000', '2021-10-01', '2021-10-31', '2021-10-31', 0, 'Promocion en tus Planos Arquitectonicos Sencillos 1 planta', 'Promocion en tus Planos Arquitectonicos Sencillos 1 planta', NULL, 1, 3, 11, 'https://www.web-uis.com/assets/images/21.png', '2021-10-12 07:14:44', '2021-10-12 07:14:44', NULL),
(22, 'Casa en Colonia Villareal ', '120000.0000', '100000.0000', '2021-10-01', '2021-10-31', '2021-10-31', 0, 'Casa en Colonia Villareal, 4 cuartos, 2 baños, 1 sala, patio trasero y cochera para 2 autos', 'Casa en Colonia Villareal, 4 cuartos, 2 baños, 1 sala, patio trasero y cochera para 2 autos', NULL, 0, 3, 11, 'https://www.web-uis.com/assets/images/22.png', '2021-10-12 07:16:12', '2021-10-12 07:16:12', NULL),
(23, 'Cama King Buena Calidad', '535.0000', '480.0000', '2021-10-01', '2021-10-31', '2021-10-31', 0, 'Promocion en tu Cama King Buena Calidad', 'Promocion en tu Cama King Buena Calidad', NULL, 1, 1, 12, 'https://www.web-uis.com/assets/images/23.png', '2021-10-12 07:17:14', '2021-10-12 07:17:14', NULL),
(24, 'Cama Matrimonial Deluxe', '500.0000', '450.0000', '2021-10-01', '2021-10-31', '2021-10-31', 0, 'Promocion en tu Cama Matrimonial Deluxe', 'Promocion en tu Cama Matrimonial Deluxe', NULL, 1, 1, 12, 'https://www.web-uis.com/assets/images/24.png', '2021-10-12 07:17:52', '2021-10-12 07:17:52', NULL),
(25, 'Cocina de 6 Quemadores', '499.0000', '450.0000', '2021-10-01', '2021-10-31', '2021-10-31', 0, 'Promocin en tu Cocina de 6 Quemadores con Horno', 'Promocin en tu Cocina de 6 Quemadores con Horno', NULL, 1, 1, 13, 'https://www.web-uis.com/assets/images/25.png', '2021-10-12 07:18:46', '2021-10-12 07:18:46', NULL),
(26, 'Cocina de 6 quemadores con Horno King', '600.0000', '550.0000', '2021-10-01', '2021-10-31', '2021-10-31', 0, 'Promocion en tu Cocina de 6 quemadores con Horno King', 'Promocion en tu Cocina de 6 quemadores con Horno King', NULL, 1, 1, 13, 'https://www.web-uis.com/assets/images/26.png', '2021-10-12 07:19:59', '2021-10-12 07:19:59', NULL),
(27, 'Detrete vertical', '400.0000', '375.0000', '2021-10-01', '2021-10-31', '2021-10-31', 0, 'Promocion en tu Detrete vertical', '', NULL, 1, 3, 14, 'https://www.web-uis.com/assets/images/27.png', '2021-10-12 07:20:52', '2021-10-12 07:20:52', NULL),
(28, 'Detrete con Banco Escondido', '350.0000', '300.0000', '2021-10-01', '2021-10-31', '2021-10-31', 0, 'Promocion en tu Detrete con Banco Escondido', 'Promocion en tu Detrete con Banco Escondido', NULL, 1, 1, 14, 'https://www.web-uis.com/assets/images/28.png', '2021-10-12 07:21:25', '2021-10-12 07:21:25', NULL),
(29, 'Lavamanos Moderno', '400.0000', '370.0000', '2021-10-01', '2021-10-31', '2021-10-31', 0, 'Promocion en tu Lavamanos Moderno', '', NULL, 1, 3, 15, 'https://www.web-uis.com/assets/images/29.png', '2021-10-12 07:22:14', '2021-10-12 07:22:14', NULL),
(30, 'Lavamanos Metalico', '250.0000', '200.0000', '2021-10-01', '2021-10-31', '2021-10-31', 0, 'Promocion en tu Lavamanos Metalico', 'Promocion en tu Lavamanos Metalico', NULL, 1, 1, 15, 'https://www.web-uis.com/assets/images/30.png', '2021-10-12 07:22:58', '2021-10-12 07:22:58', NULL),
(31, 'Caja de Acetaminofen de 100u', '3.5000', '3.0000', '2021-10-01', '2021-10-31', '2021-10-31', 0, 'Promocion en tu Caja de Acetaminofen de 100u', '', NULL, 1, 1, 16, 'https://www.web-uis.com/assets/images/31.png', '2021-10-12 07:23:49', '2021-10-12 07:23:49', NULL),
(32, 'Pastilla del dia siguiente ellaOne', '10.0000', '8.5000', '2021-10-01', '2021-10-31', '2021-10-31', 0, 'Promocion en tu Pastilla del dia siguiente ellaOne', 'Promocion en tu Pastilla del dia siguiente ellaOne', NULL, 1, 1, 16, 'https://www.web-uis.com/assets/images/33.png', '2021-10-12 07:24:57', '2021-10-12 07:24:57', NULL),
(33, 'Pomada Sulfur para el Dolor', '2.5000', '2.0000', '2021-10-01', '2021-10-31', '2021-10-31', 0, 'Promocion en tu Pomada Sulfur para el Dolor', '', NULL, 1, 3, 17, 'https://www.web-uis.com/assets/images/34.png', '2021-10-12 07:25:39', '2021-10-12 07:25:39', NULL),
(34, 'Velas Aromaticas Relajantes', '5.0000', '4.1000', '2021-10-01', '2021-10-31', '2021-10-31', 0, 'Promocion en tus Velas Aromaticas Relajantes', 'Promocion en tus Velas Aromaticas Relajantes', NULL, 1, 1, 17, 'https://www.web-uis.com/assets/images/35.png', '2021-10-12 07:26:21', '2021-10-12 07:26:21', NULL),
(35, 'Caja de Amoxicilina', '5.0000', '4.2500', '2021-10-01', '2021-10-31', '2021-10-31', 0, 'Promocion en tu Caja de Amoxicilina', '', NULL, 1, 1, 18, 'https://www.web-uis.com/assets/images/32.png', '2021-10-12 07:27:34', '2021-10-12 07:27:34', NULL),
(36, 'Gotas para los ojos Systane', '15.0000', '12.0000', '2021-10-01', '2021-10-31', '2021-10-31', 0, 'Promocion en Gotas para los ojos Systane', 'Promocion en Gotas para los ojos Systane', NULL, 1, 3, 18, 'https://www.web-uis.com/assets/images/36.png', '2021-10-12 07:28:15', '2021-10-12 07:28:15', NULL),
(37, 'Servicio de Taxi Nocturno', '3.5000', '2.7500', '2021-10-01', '2021-12-31', '2021-12-31', 0, 'Promocion en tu servicio de taxi nocturno (Maximo 4 kilometros)', 'Promocion en tu servicio de taxi nocturno (Maximo 4 kilometros)', NULL, 1, 3, 19, 'https://www.web-uis.com/assets/images/37.png', '2021-10-12 07:30:02', '2021-10-12 07:30:02', NULL),
(38, 'Viaje al aeropuerto de El Salvador desde San Miguel', '90.0000', '80.0000', '2021-10-01', '2021-12-31', '2021-12-31', 0, 'Promocion en tu Viaje al aeropuerto de El Salvador desde San Miguel', 'Promocion en tu Viaje al aeropuerto de El Salvador desde San Miguel', NULL, 1, 1, 19, 'https://www.web-uis.com/assets/images/38.png', '2021-10-12 07:30:43', '2021-10-12 07:30:43', NULL),
(39, 'Servicio de Taxi en Sonsonate (10-30 kilometros)', '12.0000', '9.0000', '2021-10-01', '2021-10-31', '2021-10-31', 0, 'Promocion en tus viajes medianamente largos con nuestro Servicio de Taxi en Sonsonate (10-30 kilometros)', 'Promocion en tus viajes medianamente largos con nuestro Servicio de Taxi en Sonsonate (10-30 kilometros)', NULL, 1, 3, 20, 'https://www.web-uis.com/assets/images/39.png', '2021-10-12 07:32:10', '2021-10-12 07:32:10', NULL),
(40, 'Entrega de encomiendas en San Miguel', '5.0000', '4.0000', '2021-10-01', '2021-10-31', '2021-10-31', 0, 'Promocion en Entregas de encomiendas en San Miguel', 'Promocion en Entregas de encomiendas en San Miguel', NULL, 1, 3, 20, 'https://www.web-uis.com/assets/images/40.png', '2021-10-12 07:32:52', '2021-10-12 07:32:52', NULL),
(41, 'Servicio de Uber en Usulutan', '3.2500', '2.7500', '2021-10-01', '2021-10-31', '2021-10-31', 0, 'Promocion en tu Servicio de Uber en Usulutan', '', NULL, 1, 1, 21, 'https://www.web-uis.com/assets/images/41.png', '2021-10-12 07:34:30', '2021-10-12 07:34:30', NULL),
(42, 'Viajes al Centro de San Salvador desde Santa Ana', '65.0000', '60.0000', '2021-10-01', '2021-10-31', '2021-10-31', 0, 'Promocion en tus Viajes al Centro de San Salvador desde Santa Ana', 'Promocion en tus Viajes al Centro de San Salvador desde Santa Ana', NULL, 1, 3, 21, 'https://www.web-uis.com/assets/images/42.png', '2021-10-12 07:35:15', '2021-10-12 07:35:15', NULL),
(43, 'Servicio de Hosting por un Año (Empresarial)', '100.0000', '85.0000', '2021-10-01', '2021-12-31', '2021-12-31', 0, 'Promocion en el Servicio de Hosting por un Año (Empresarial)', '', NULL, 1, 1, 22, 'https://www.web-uis.com/assets/images/43.png', '2021-10-12 07:36:09', '2021-10-12 07:36:09', NULL),
(44, 'Servicio de Tarjetas Magneticas Para Empresas', '5.5000', '4.5000', '2021-10-01', '2021-10-31', '2021-10-31', 0, 'Promocion en el Servicio de Tarjetas Magneticas Para Empresas (Precio por unidad)', 'Promocion en el Servicio de Tarjetas Magneticas Para Empresas (Precio por unidad)', NULL, 1, 3, 22, 'https://www.web-uis.com/assets/images/44.png', '2021-10-12 07:37:07', '2021-10-12 07:37:07', NULL),
(45, 'Telefono VoidIp Configurado', '125.0000', '100.0000', '2021-10-01', '2021-10-31', '2021-10-31', 0, 'Promocion en tu Telefono VoidIp Configurado (Precio por Unidad)', 'Promocion en tu Telefono VoidIp Configurado (Precio por Unidad)', NULL, 1, 1, 23, 'https://www.web-uis.com/assets/images/45.png', '2021-10-12 07:38:14', '2021-10-12 07:38:14', NULL),
(46, 'Audifonos  Inalambricos IP', '75.0000', '65.0000', '2021-10-01', '2021-10-31', '2021-10-31', 0, 'Promocion en tus Audifonos  Inalambricos IP', 'Promocion en tus Audifonos  Inalambricos IP', NULL, 1, 3, 23, 'https://www.web-uis.com/assets/images/46.png', '2021-10-12 07:38:58', '2021-10-12 07:38:58', NULL),
(47, 'Kit de 4 camaras CCTV', '450.0000', '390.0000', '2021-10-01', '2021-10-31', '2021-10-31', 0, 'Promocion en tu Kit de 4 camaras CCTV (instalacion incluida)', 'Promocion en tu Kit de 4 camaras CCTV (instalacion incluida)', NULL, 1, 1, 24, 'https://www.web-uis.com/assets/images/47.png', '2021-10-12 07:40:04', '2021-10-12 07:40:04', NULL),
(48, 'Camara IP', '50.0000', '42.5000', '2021-10-01', '2021-10-31', '2021-10-31', 0, 'Promocion en tu Camara IP (Configuracion incluida)', 'Promocion en tu Camara IP (Configuracion incluida)', NULL, 1, 3, 24, 'https://www.web-uis.com/assets/images/48.png', '2021-10-12 07:40:44', '2021-10-12 07:40:44', NULL),
(49, 'Dibujos en papel a4 (super realistas)', '55.0000', '49.9900', '2021-10-01', '2021-10-31', '2021-10-31', 0, 'Promocion en tus Dibujos en papel a4 (super realistas), pueden ser retratos', '', NULL, 1, 1, 25, '', '2021-10-12 07:41:47', '2021-10-12 07:41:47', NULL),
(50, 'Grafitis en paredes 5x5', '400.0000', '350.0000', '2021-10-01', '2021-10-31', '2021-10-31', 0, 'Promocion en tus Grafitis en paredes 5x5 (Restricciones Aplican, precio puede variar dependiendo del dibujo)', 'Promocion en tus Grafitis en paredes 5x5 (Restricciones Aplican, precio puede variar dependiendo del dibujo)', NULL, 1, 3, 25, 'https://www.web-uis.com/assets/images/50.png', '2021-10-12 07:44:19', '2021-10-12 07:44:19', NULL),
(51, 'Trio de Cuerdas Disponible Para Eventos', '400.0000', '375.0000', '2021-10-01', '2021-10-31', '2021-10-31', 0, 'Promocion en la contratacion de Trio de Cuerdas Disponible Para Eventos (Precio por Show, 2 horas de musica)', '', NULL, 1, 3, 26, 'https://www.web-uis.com/assets/images/51.png', '2021-10-12 07:45:49', '2021-10-12 07:45:49', NULL),
(52, 'Show de Musica de Cuerdas para Bodas', '500.0000', '450.0000', '2021-10-01', '2021-10-31', '2021-10-31', 0, 'Promocion en tu Show de Musica de Cuerdas para Bodas (2 horas)', 'Promocion en tu Show de Musica de Cuerdas para Bodas (2 horas)', NULL, 1, 1, 26, 'https://www.web-uis.com/assets/images/52.png', '2021-10-12 07:46:46', '2021-10-12 07:46:46', NULL),
(53, 'Clases de Danza', '50.0000', '35.0000', '2021-10-01', '2021-10-31', '2021-10-31', 0, 'Promocion en tu matricula de Clases de Danza en Nuestra Institucion', 'Promocion en tu matricula de Clases de Danza en Nuestra Institucion', NULL, 1, 3, 27, 'https://www.web-uis.com/assets/images/53.png', '2021-10-12 07:47:41', '2021-10-12 07:47:41', NULL),
(54, 'Clases de Spinning', '70.0000', '35.0000', '2021-10-01', '2021-10-31', '2021-10-31', 20, '50% de descuento a las primeras 20 personas en inscribirse a nuestras clases de Spinning', '50% de descuento a las primeras 20 personas en inscribirse a nuestras clases de Spinning', NULL, 0, 1, 27, 'https://www.web-uis.com/assets/images/54.png', '2021-10-12 07:48:29', '2021-10-12 07:48:29', NULL),
(55, 'Clases de Ingles', '60.0000', '48.0000', '2021-10-01', '2021-10-31', '2021-10-31', 70, 'Promocion del 20% a las primeras 70 personas en matricularse en nuestros cursos de ingles', 'Promocion del 20% a las primeras 70 personas en matricularse en nuestros cursos de ingles', NULL, 0, 3, 28, 'https://www.web-uis.com/assets/images/55.png', '2021-10-12 07:50:02', '2021-10-12 07:50:02', NULL),
(56, 'Pago de Cuota de Octubre', '50.0000', '45.0000', '2021-10-01', '2021-10-31', '2021-10-31', 0, 'Descuento del 10% en el pago de tu cuota de Octubre', 'Descuento del 10% en el pago de tu cuota de Octubre', NULL, 1, 1, 28, 'https://www.web-uis.com/assets/images/56.png', '2021-10-12 07:50:56', '2021-10-12 07:50:56', NULL),
(57, 'Clases de Violin', '75.0000', '65.0000', '2021-10-01', '2021-10-31', '2021-10-31', 0, 'Promocion en la Inscripcion a tus Clases de Violin', '', NULL, 1, 3, 29, 'https://www.web-uis.com/assets/images/57.png', '2021-10-12 07:52:43', '2021-10-12 07:52:43', NULL),
(58, 'Clases de Bateria Profesional', '100.0000', '85.0000', '2021-10-01', '2021-10-31', '2021-10-31', 0, 'Descuento del 15% en tus clases de bateria profesional', 'Descuento del 15% en tus clases de bateria profesional', NULL, 1, 1, 29, 'https://www.web-uis.com/assets/images/58.png', '2021-10-12 07:53:30', '2021-10-12 07:53:30', NULL),
(59, 'Matriculate a tu sol con nosotros', '70.0000', '52.5000', '2021-10-01', '2021-10-31', '2021-10-31', 0, 'Oferta del 25% del descuento en la matricula en nuestra escuela', '', NULL, 1, 3, 30, 'https://www.web-uis.com/assets/images/59.png', '2021-10-12 07:54:58', '2021-10-12 07:54:58', NULL),
(60, 'Cuota de Octubre', '50.0000', '40.0000', '2021-10-01', '2021-10-31', '2021-10-31', 0, 'Paga tu cuota de octubre con un 20%', 'Paga tu cuota de octubre con un 20%', NULL, 1, 1, 30, 'https://www.web-uis.com/assets/images/60.png', '2021-10-12 07:55:53', '2021-10-12 07:55:53', NULL),
(61, 'Reserva tu noche con nosotros', '75.0000', '56.2500', '2021-10-01', '2021-10-31', '2021-10-31', 0, 'Promocion del 25% de descuento en la reservacion de una noche con nosotros', '', NULL, 1, 3, 31, 'https://www.web-uis.com/assets/images/61.png', '2021-10-12 07:57:04', '2021-10-12 07:57:04', NULL),
(62, 'Disfruta de Nuestras instalaciones', '100.0000', '75.0000', '2021-10-01', '2021-10-31', '2021-10-31', 0, 'Promocion en la estadia de un dia (sin habitacion) en nuestro lujoso hotel (precio por persona)', 'Promocion en la estadia de un dia (sin habitacion) en nuestro lujoso hotel (precio por persona)', NULL, 1, 1, 31, 'https://www.web-uis.com/assets/images/62.png', '2021-10-12 07:58:03', '2021-10-12 07:58:03', NULL),
(63, 'Hamburguesa Doble con Queso', '7.2500', '6.0000', '2021-10-01', '2021-10-31', '2021-10-31', 0, 'Promocion en tu Hamburguesa Doble con Queso', '', NULL, 1, 3, 32, 'https://www.web-uis.com/assets/images/63.png', '2021-10-12 07:58:54', '2021-10-12 07:58:54', NULL),
(64, 'Combo de Pollo Frito', '8.0000', '7.2000', '2021-10-01', '2021-10-31', '2021-10-31', 0, 'Compra tu Combo de Pollo Frito con un 10% de descuento', 'Compra tu Combo de Pollo Frito con un 10% de descuento', NULL, 1, 3, 32, 'https://www.web-uis.com/assets/images/64.png', '2021-10-12 07:59:41', '2021-10-12 07:59:41', NULL),
(65, 'Cafe Negro', '2.5000', '2.0000', '2021-10-01', '2021-10-31', '2021-10-31', 0, 'Promocion en tu Cafe Negro', '', NULL, 1, 3, 33, 'https://www.web-uis.com/assets/images/65.png', '2021-10-12 08:00:17', '2021-10-12 08:00:17', NULL),
(66, 'Cafe Nuestro', '7.5000', '5.5000', '2021-10-01', '2021-10-31', '2021-10-31', 0, 'Compra el Cafe Nuestro con un gran descuento', 'Compra el Cafe Nuestro con un gran descuento', NULL, 1, 1, 33, 'https://www.web-uis.com/assets/images/66.png', '2021-10-12 08:01:00', '2021-10-12 08:01:00', NULL),
(67, 'Corte de Cabello', '10.0000', '8.0000', '2021-10-01', '2021-10-31', '2021-10-31', 0, 'Promocion en tu Corte de Cabello para Dama', '', NULL, 1, 1, 34, 'https://www.web-uis.com/assets/images/67.png', '2021-10-12 08:01:42', '2021-10-12 08:01:42', NULL),
(68, 'Alisado de Cabello Permanente', '20.0000', '15.0000', '2021-10-01', '2021-10-31', '2021-10-31', 0, 'Promocion en tu Alisado de Cabello Permanente', 'Promocion en tu Alisado de Cabello Permanente', NULL, 1, 3, 34, 'https://www.web-uis.com/assets/images/68.png', '2021-10-12 08:02:11', '2021-10-12 08:02:11', NULL),
(69, 'Diagnostico y Reparacion de Computadoras', '25.0000', '20.0000', '2021-10-01', '2021-10-31', '2021-10-31', 0, 'Promocion en tu Diagnostico y Reparacion de Computadoras', '', NULL, 1, 1, 35, 'https://www.web-uis.com/assets/images/69.png', '2021-10-12 08:02:53', '2021-10-12 08:02:53', NULL),
(70, 'Cambio de Hardware', '20.0000', '17.0000', '2021-10-01', '2021-10-31', '2021-10-31', 0, 'Promocion en tu Cambio de Hardware (Precio no incluye componentes)', 'Promocion en tu Cambio de Hardware (Precio no incluye componentes)', NULL, 1, 3, 35, 'https://www.web-uis.com/assets/images/70.png', '2021-10-12 08:03:51', '2021-10-12 08:03:51', NULL),
(71, 'Masaje Relajante', '20.0000', '12.0000', '2021-10-01', '2021-10-31', '2021-10-31', 0, 'Promocion en tu Masaje Relajante', 'Promocion en tu Masaje Relajante', NULL, 1, 1, 36, 'https://www.web-uis.com/assets/images/71.png', '2021-10-12 08:04:37', '2021-10-12 08:04:37', NULL),
(72, 'Crema Relajante Skala', '10.0000', '8.0000', '2021-10-01', '2021-10-31', '2021-10-31', 0, 'Promocion en la compra de tu Crema Relajante Skala', 'Promocion en la compra de tu Crema Relajante Skala', NULL, 1, 3, 36, 'https://www.web-uis.com/assets/images/72.png', '2021-10-12 08:05:21', '2021-10-12 08:05:21', NULL),
(73, 'Crayola - Lápices de colores, regalo, instrumentos de escritura', '9.5000', '6.2500', '2021-10-12', '2021-10-29', '2021-10-30', 3, '50 Lapices De Colores Crayola. Acerca de este producto Descripción del producto: Los crayones Crayola ofrecen una amplia gama de colores vibrantes y tonos originales. Su mina es suave para la expansión fácil y agradable. Para colores más fácil el aprendizaje, el nombre del color se imprime sobre el cuerpo de cada varilla Contenido del kit: 50 lápices de colores Edad mínima: 3 años Dimensiones del producto: 9 x 1.8 x 24.4 cm', '', NULL, 0, 3, 37, 'https://www.web-uis.com/assets/images/71pdm1mZUIL._AC_SL1500_.png', '2021-10-13 02:36:49', '2021-10-13 02:36:49', NULL),
(74, 'Chocolates', '5.0000', '3.0000', '2021-10-03', '2021-10-20', '2021-10-23', 88, 'Chocolates ', '', 'No se puede vender solo 35, venda 100 cupones', 0, 3, 38, 'https://www.web-uis.com/assets/images/chocolate.jpg', '2021-10-13 03:06:32', '2021-10-13 03:06:32', NULL),
(75, 'Gran malo', '50.0000', '40.0000', '2021-10-10', '2021-11-20', '2021-12-15', 100, 'Esta es una bebida mexicana ', 'tener en cuenta la fecha limite de canje', 'no respeta las normas de esta empresa', 0, 3, 39, 'https://www.web-uis.com/assets/images/gran malo.png', '2021-10-15 03:38:28', '2021-10-15 03:38:28', NULL),
(76, 'Viajes A todo el pais', '100.0000', '50.0000', '2021-10-01', '2021-10-23', '2021-10-25', 34, 'Empresa dedicada a viajes privados.', '', 'No puede poner 30 cupones minimo', 0, 3, 40, '', '2021-10-15 23:43:37', '2021-10-15 23:43:37', NULL),
(77, 'Banquete De Trocitos', '16.0000', '11.0000', '2021-10-01', '2021-10-30', '2021-12-31', 0, 'Disfruta de tu banquete de 30 trocitos acompañados de aderezo de mostaza', 'Disfruta de tu banquete de 30 trocitos acompañados de aderezo de mostaza', 'Poner el precio de oferta un poco mas bajo', 1, 3, 41, 'https://www.web-uis.com/assets/images/22_1.png', '2021-10-17 02:59:58', '2021-10-17 02:59:58', NULL),
(78, 'Plato de 12 Ostras', '7.0000', '5.0000', '2021-10-18', '2021-10-31', '2021-10-31', 0, 'Promocion en la compra de tu plato de 12 ostras frescas', 'Promocion en la compra de tu plato de 12 ostras frescas', NULL, 1, 2, 41, 'https://www.web-uis.com/assets/images/23_1.png', '2021-10-17 03:05:31', '2021-10-17 03:05:31', NULL);

-- --------------------------------------------------------

--
-- Estructura de tabla para la tabla `tblpais`
--

CREATE TABLE `tblpais` (
  `id_pais` int(11) NOT NULL,
  `pais` varchar(255) NOT NULL,
  `created_at` datetime NOT NULL DEFAULT current_timestamp(),
  `updated_at` datetime NOT NULL DEFAULT current_timestamp(),
  `deleted_at` datetime DEFAULT NULL
) ENGINE=InnoDB DEFAULT CHARSET=utf8;

--
-- Volcado de datos para la tabla `tblpais`
--

INSERT INTO `tblpais` (`id_pais`, `pais`, `created_at`, `updated_at`, `deleted_at`) VALUES
(1, 'EL SALVADOR', '2020-11-30 13:31:00', '2020-11-30 13:31:00', NULL);

-- --------------------------------------------------------

--
-- Estructura de tabla para la tabla `tblrubro`
--

CREATE TABLE `tblrubro` (
  `id_rubro` int(11) NOT NULL,
  `nombre` varchar(150) NOT NULL,
  `descripcion` text NOT NULL,
  `created_at` datetime NOT NULL DEFAULT current_timestamp(),
  `updated_at` datetime NOT NULL DEFAULT current_timestamp(),
  `deleted_at` datetime DEFAULT NULL
) ENGINE=InnoDB DEFAULT CHARSET=utf8mb4;

--
-- Volcado de datos para la tabla `tblrubro`
--

INSERT INTO `tblrubro` (`id_rubro`, `nombre`, `descripcion`, `created_at`, `updated_at`, `deleted_at`) VALUES
(1, 'Alimentacion y Bebidas no Alcoholicas', 'Alimentacion y Bebidas no Alcoholicas', '2021-10-12 04:11:26', '2021-10-12 04:11:26', NULL),
(2, 'Bebidas Alcoholicas y Tabaco', 'Bebidas Alcoholicas y Tabaco', '2021-10-12 04:11:46', '2021-10-12 04:11:46', NULL),
(3, 'Vestido y Calzado', 'Vestido y Calzado', '2021-10-12 04:11:56', '2021-10-12 04:11:56', NULL),
(4, 'Vivienda', 'Vivienda', '2021-10-12 04:12:06', '2021-10-12 04:12:06', NULL),
(5, 'Menaje', 'Menaje', '2021-10-12 04:12:13', '2021-10-12 04:12:13', NULL),
(6, 'Medicina', 'Medicina', '2021-10-12 04:12:24', '2021-10-12 04:12:24', NULL),
(7, 'Transporte', 'Transporte', '2021-10-12 04:12:33', '2021-10-12 04:12:33', NULL),
(8, 'Comunicaciones', 'Comunicaciones', '2021-10-12 04:12:42', '2021-10-12 04:12:42', NULL),
(9, 'Ocio y Cultura', 'Ocio y Cultura', '2021-10-12 04:12:50', '2021-10-12 04:12:50', NULL),
(10, 'Enseñanza', 'Enseñanza', '2021-10-12 04:13:01', '2021-10-12 04:13:01', NULL),
(11, 'Hoteles, Cafes y Restaurantes', 'Hoteles, Cafes y Restaurantes', '2021-10-12 04:13:15', '2021-10-12 04:13:15', NULL),
(12, 'Otros', 'Otros', '2021-10-12 04:13:21', '2021-10-12 04:13:21', NULL),
(13, 'Bebida mexicana', 'Bebida alcohólica ', '2021-10-15 03:22:19', '2021-10-15 03:22:19', NULL),
(14, 'Automobil y herramientas', 'Venta de herramientas y accesorios', '2021-10-15 23:11:06', '2021-10-15 23:11:06', NULL),
(15, 'Eventos y Convenciones', 'Eventos y Convenciones', '2021-10-17 02:50:01', '2021-10-17 02:50:01', NULL);

-- --------------------------------------------------------

--
-- Estructura de tabla para la tabla `tblsexo`
--

CREATE TABLE `tblsexo` (
  `id_sexo` int(11) NOT NULL,
  `sexo` varchar(50) NOT NULL,
  `created_at` datetime NOT NULL DEFAULT current_timestamp(),
  `updated_at` datetime NOT NULL DEFAULT current_timestamp(),
  `deleted_at` datetime DEFAULT NULL
) ENGINE=InnoDB DEFAULT CHARSET=utf8;

--
-- Volcado de datos para la tabla `tblsexo`
--

INSERT INTO `tblsexo` (`id_sexo`, `sexo`, `created_at`, `updated_at`, `deleted_at`) VALUES
(1, 'FEMENINO', '2020-12-03 09:27:39', '2020-12-03 09:27:39', NULL),
(2, 'MASCULINO', '2020-12-03 09:27:39', '2020-12-03 09:27:39', NULL),
(3, 'OTRO', '2020-12-03 09:27:39', '2020-12-03 09:27:39', NULL);

-- --------------------------------------------------------

--
-- Estructura de tabla para la tabla `tbltarjeta`
--

CREATE TABLE `tbltarjeta` (
  `id_tarjeta` int(11) NOT NULL,
  `nombre` varchar(100) COLLATE utf8mb4_unicode_ci NOT NULL,
  `created_at` datetime NOT NULL DEFAULT current_timestamp(),
  `updated_at` datetime NOT NULL DEFAULT current_timestamp(),
  `deleted_at` datetime DEFAULT NULL
) ENGINE=InnoDB DEFAULT CHARSET=utf8mb4 COLLATE=utf8mb4_unicode_ci;

--
-- Volcado de datos para la tabla `tbltarjeta`
--

INSERT INTO `tbltarjeta` (`id_tarjeta`, `nombre`, `created_at`, `updated_at`, `deleted_at`) VALUES
(1, 'MASTER-CARD', '2021-10-13 16:13:42', '2021-10-13 16:13:42', NULL),
(2, 'VISA', '2021-10-13 16:14:43', '2021-10-13 16:14:43', NULL),
(3, '123123213213', '2021-10-13 16:16:46', '2021-10-13 16:16:46', '2021-10-13 11:16:51'),
(4, 'CREDISIMAN', '2021-10-13 16:18:00', '2021-10-13 16:18:00', NULL),
(5, 'PRISMA MODA', '2021-10-13 16:18:06', '2021-10-13 16:18:06', NULL),
(6, 'NETCARD', '2021-10-13 16:18:23', '2021-10-13 16:18:23', NULL),
(7, 'AMERICAN EXPRESS', '2021-10-13 16:18:32', '2021-10-13 16:18:32', NULL),
(8, 'DINERS CLUB', '2021-10-13 16:18:39', '2021-10-13 16:18:39', NULL),
(9, 'CIBERCARD', '2021-10-13 16:18:48', '2021-10-13 16:18:48', NULL),
(10, 'BLACK', '2021-10-13 16:19:13', '2021-10-13 16:19:13', NULL),
(11, 'PREMIA SIGNATURE', '2021-10-13 16:19:30', '2021-10-13 16:19:30', NULL);

-- --------------------------------------------------------

--
-- Estructura de tabla para la tabla `tbltipo_usuario`
--

CREATE TABLE `tbltipo_usuario` (
  `id_tipo_usuario` int(11) NOT NULL,
  `tipo` varchar(50) NOT NULL,
  `descripcion` varchar(255) NOT NULL,
  `created_at` datetime NOT NULL DEFAULT current_timestamp(),
  `updated_at` datetime NOT NULL DEFAULT current_timestamp(),
  `deleted_at` datetime DEFAULT NULL
) ENGINE=InnoDB DEFAULT CHARSET=utf8;

--
-- Volcado de datos para la tabla `tbltipo_usuario`
--

INSERT INTO `tbltipo_usuario` (`id_tipo_usuario`, `tipo`, `descripcion`, `created_at`, `updated_at`, `deleted_at`) VALUES
(1, 'ADMINISTRADOR', 'ADMINISTRADOR', '2021-07-26 21:40:40', '2021-07-26 21:40:40', NULL),
(2, 'DOCENTE', 'DOCENTE', '2021-07-26 21:40:40', '2021-07-26 21:40:40', NULL),
(3, 'ESTUDIANTE', 'ESTUDIANTE', '2021-07-26 21:40:40', '2021-07-26 21:40:40', NULL);

-- --------------------------------------------------------

--
-- Estructura de tabla para la tabla `tblusuario`
--

CREATE TABLE `tblusuario` (
  `id_usuario` int(11) NOT NULL,
  `nombre` varchar(60) NOT NULL,
  `usuario` varchar(60) NOT NULL,
  `password` text NOT NULL,
  `pass` text NOT NULL,
  `created_at` datetime NOT NULL DEFAULT current_timestamp(),
  `updated_at` datetime NOT NULL DEFAULT current_timestamp(),
  `deleted_at` datetime DEFAULT NULL,
  `id_tipo_usuario` int(11) NOT NULL,
  `id_dependiente` int(11) DEFAULT NULL,
  `id_admin_sucursal` int(11) NOT NULL,
  `id_cliente` int(11) DEFAULT NULL,
  `activo` tinyint(4) NOT NULL,
  `id_sucursal` int(11) NOT NULL,
  `id_empresa` int(11) NOT NULL
) ENGINE=InnoDB DEFAULT CHARSET=utf8;

--
-- Volcado de datos para la tabla `tblusuario`
--

INSERT INTO `tblusuario` (`id_usuario`, `nombre`, `usuario`, `password`, `pass`, `created_at`, `updated_at`, `deleted_at`, `id_tipo_usuario`, `id_dependiente`, `id_admin_sucursal`, `id_cliente`, `activo`, `id_sucursal`, `id_empresa`) VALUES
(2, 'Administrador de Sistema', 'admin', '202cb962ac59075b964b07152d234b70', '123', '2020-12-03 09:02:53', '2020-12-10 10:49:00', NULL, 1, -1, 0, NULL, 1, 1, 0),
(67, 'Martin Miro', 'Martin_Miro_1', 'ad91fd16fbcf96632af13aa0e252024a', 'SH{ACq2U', '2021-10-12 04:28:07', '2021-10-12 04:28:07', NULL, 2, 0, 1, 0, 1, 1, 1),
(68, 'Imanol Ahmed', 'Imanol_Ahmed_2', '725a70096ece67fbba24bc3806b96bc0', 'j<!Qs.&l', '2021-10-12 04:28:54', '2021-10-12 04:28:54', NULL, 2, 0, 2, 0, 1, 1, 2),
(69, 'Bianca Seco', 'Bianca_Seco_3', '41fc4b3372ac643c0987babbf0ca2e11', 'w_}_a9Ld', '2021-10-12 04:29:51', '2021-10-12 04:29:51', NULL, 2, 0, 3, 0, 1, 1, 3),
(70, 'Expendio Silvia', 'Expendio_Silvia_4', '22ddde22c1a6501294f4370ad68b7cf7', 'ZegQvCAf', '2021-10-12 04:30:37', '2021-10-12 04:30:37', NULL, 2, 0, 4, 0, 1, 1, 4),
(71, 'Abelardo Farre', 'Abelardo_Farre_5', '5eca477a438caec1409702d09a4b51ce', '+bsFtnhg', '2021-10-12 04:31:29', '2021-10-12 04:31:29', NULL, 2, 0, 5, 0, 1, 1, 5),
(72, 'Mihaela Betancor', 'Mihaela_Betancor_6', '77e09c55b6c9cee5784403561990477d', 'ksb&#ils', '2021-10-12 04:32:14', '2021-10-12 04:32:14', NULL, 2, 0, 6, 0, 1, 1, 6),
(73, 'Araceli Cazorla', 'Araceli_Cazorla_7', '4d37fe2ef9640410162de94ec8ca9f94', ',98NbAL6', '2021-10-12 04:34:13', '2021-10-12 04:34:13', NULL, 2, 0, 7, 0, 1, 1, 7),
(74, 'Ramiro Lillo', 'Ramiro_Lillo_8', '48a3f7c23702f6a4c19b3328f244e777', 'oPQVz5+j', '2021-10-12 04:35:04', '2021-10-12 04:35:04', NULL, 2, 0, 8, 0, 1, 1, 8),
(75, 'Unai Galera', 'Unai_Galera_9', '06a09b385d6b1249198cf10d5c16eee0', '+UnIy3q6', '2021-10-12 04:36:27', '2021-10-12 04:36:27', NULL, 2, 0, 9, 0, 1, 1, 9),
(76, 'Barbara Canovas', 'Barbara_Canovas_10', '19133130ab1b8943fc0beced0eafe4d8', 'TX4?>@jd', '2021-10-12 04:37:10', '2021-10-12 04:37:10', NULL, 2, 0, 10, 0, 1, 1, 10),
(77, 'Cristobal Toledano', 'Cristobal_Toledano_11', '6a695d8ddd684d6a5e9e3bddc145866a', 'U9Ro{<q1', '2021-10-12 04:37:58', '2021-10-12 04:37:58', NULL, 2, 0, 11, 0, 1, 1, 11),
(78, 'Arancha Caballero', 'Arancha_Caballero_12', 'df1275b11d24e84edf0b7518d72e2ad9', 'G!iS&}T<', '2021-10-12 04:38:47', '2021-10-12 04:38:47', NULL, 2, 0, 12, 0, 1, 1, 12),
(79, 'Elias Araujo', 'Elias_Araujo_13', '40ba9763ea055ac52fc1e29279ad3dbc', '+j,4!P!g', '2021-10-12 04:40:18', '2021-10-12 04:40:18', NULL, 2, 0, 13, 0, 1, 1, 13),
(80, 'Adam Bravo', 'Adam_Bravo_14', 'b764b7c561d5398380cfdad837144cd6', 'PdkP$,cq', '2021-10-12 04:41:03', '2021-10-12 04:41:03', NULL, 2, 0, 14, 0, 1, 1, 14),
(81, 'Roser Perales', 'Roser_Perales_15', '4acca3d00b5a11f52c6d6de47234227b', 'J4^ai{24', '2021-10-12 04:41:39', '2021-10-12 04:41:39', NULL, 2, 0, 15, 0, 1, 1, 15),
(82, 'Bernat Monge', 'Bernat_Monge_16', '11b436ae6941131b1171ac3f0a8fa18d', '$O<N:uV3', '2021-10-12 04:42:57', '2021-10-12 04:42:57', NULL, 2, 0, 16, 0, 1, 1, 16),
(83, 'Ane del Rio', 'Ane_del_17', '5132b104686b44b78ce22cf033b5a381', 'E7iMWqA^', '2021-10-12 04:43:28', '2021-10-12 04:43:28', NULL, 2, 0, 17, 0, 1, 1, 17),
(84, 'Latifa Coll', 'Latifa_Coll_18', 'd89b89e87e9dd21baa04cadf9c9780e5', '9KuKP%()', '2021-10-12 04:44:09', '2021-10-12 04:44:09', NULL, 2, 0, 18, 0, 1, 1, 18),
(85, 'Vanessa Torralba', 'Vanessa_Torralba_19', 'bf6bb7cfa9c080d126678c3d5151705b', ';crNn9TG', '2021-10-12 04:45:06', '2021-10-12 04:45:06', NULL, 2, 0, 19, 0, 1, 1, 19),
(86, 'Yasmina Lara', 'Yasmina_Lara_20', '01f09be6def4c387a7d52bdda3d8202e', '91e)}&%k', '2021-10-12 04:45:45', '2021-10-12 04:45:45', NULL, 2, 0, 20, 0, 1, 1, 20),
(87, 'Olaya Brito', 'Olaya_Brito_21', '9e88ffcd40725f31839b982d96ae2976', 'Iqs,1E}o', '2021-10-12 04:46:28', '2021-10-12 04:46:28', NULL, 2, 0, 21, 0, 1, 1, 21),
(88, 'Nagore Mellado', 'Nagore_Mellado_22', '8b42fdacde43e37a0ca280c0ce473440', '1vLyfLMC', '2021-10-12 04:47:43', '2021-10-12 04:47:43', NULL, 2, 0, 22, 0, 1, 1, 22),
(89, 'Reyes Hidalgo', 'Reyes_Hidalgo_23', 'a45f8ec9a1b86fddd60cab27f604a315', 'ggLIpt_&', '2021-10-12 04:48:22', '2021-10-12 04:48:22', NULL, 2, 0, 23, 0, 1, 1, 23),
(90, 'Fatima Da-Silva', 'Fatima_Da-Silva_24', '67207f62fe11a34743d90f72f77ad5d6', 'ZUvnu6)e', '2021-10-12 04:49:37', '2021-10-12 04:49:37', NULL, 2, 0, 24, 0, 1, 1, 24),
(91, 'Nazaret Chavez', 'Nazaret_Chavez_25', 'd2add84faa0b5ba9ec8cfff35ef636c3', '.7*}Gm!Q', '2021-10-12 04:50:34', '2021-10-12 04:50:34', NULL, 2, 0, 25, 0, 1, 1, 25),
(92, 'Asuncion Uriarte', 'Asuncion_Uriarte_26', '0addfc68cf0639901883224210b4fdf3', 'r^6}%Ba}', '2021-10-12 04:51:15', '2021-10-12 04:51:15', NULL, 2, 0, 26, 0, 1, 1, 26),
(93, 'Maria-Victoria Farre', 'Maria-Victoria_Farre_27', '1229e194aaf9d215c76049738a4b2756', '.sV1x3$L', '2021-10-12 04:51:56', '2021-10-12 04:51:56', NULL, 2, 0, 27, 0, 1, 1, 27),
(94, 'Florencio Arranz', 'Florencio_Arranz_28', 'ee7399d842f4306c2ec21539ee982856', 'kPfu.1tX', '2021-10-12 04:52:42', '2021-10-12 04:52:42', NULL, 2, 0, 28, 0, 1, 1, 28),
(95, 'Chloe Costas', 'Chloe_Costas_29', '9c69b924f142aeef7944f995ddf40826', 'el.z>;Ej', '2021-10-12 04:53:25', '2021-10-12 04:53:25', NULL, 2, 0, 29, 0, 1, 1, 29),
(96, 'Sonia Fuster', 'Sonia_Fuster_30', '0253d99daae4f324044600783e1af7e8', '>P$b>CQa', '2021-10-12 04:54:14', '2021-10-12 04:54:14', NULL, 2, 0, 30, 0, 1, 1, 30),
(97, 'Regina Guillen', 'Regina_Guillen_31', '143918dbcddfe33d0914976b69680fa9', '.XJQZ*l;', '2021-10-12 04:55:31', '2021-10-12 04:55:31', NULL, 2, 0, 31, 0, 1, 1, 31),
(98, 'Carme Solis', 'Carme_Solis_32', '4eee9617302d25e4c852b737372ec0c2', 'iB?$;Mf*', '2021-10-12 04:56:02', '2021-10-12 04:56:02', NULL, 2, 0, 32, 0, 1, 1, 32),
(99, 'Dolors Vizcaino', 'Dolors_Vizcaino_33', '26b5db705c078165c70d6e565d2853bc', 'k+)frPph', '2021-10-12 04:56:34', '2021-10-12 04:56:34', NULL, 2, 0, 33, 0, 1, 1, 33),
(100, 'Celso Cabello', 'Celso_Cabello_34', 'aebf12eb3d31eb4501d8ff1891604536', '6Pcd#2R(', '2021-10-12 04:57:11', '2021-10-12 04:57:11', NULL, 2, 0, 34, 0, 1, 1, 34),
(101, 'Saray Ocaña', 'Saray_Ocaña_35', 'd4d4c81472520df798b4c5ee055f6fa1', '1I?VM45I', '2021-10-12 04:57:52', '2021-10-12 04:57:52', NULL, 2, 0, 35, 0, 1, 1, 35),
(102, 'Irati Bustamante', 'Irati_Bustamante_36', '1c5d9aff2c006550bf2d85648e28074f', 'mE8KqaxA', '2021-10-12 04:58:48', '2021-10-12 04:58:48', NULL, 2, 0, 36, 0, 1, 1, 36),
(103, 'Gustavo Ribes', 'Gustavo_Ribes_1', 'dbb1a784d840f84d8d0f3211ec5371ad', '8s@r;3+m', '2021-10-12 05:00:02', '2021-10-12 05:00:02', NULL, 3, 1, 0, 0, 1, 1, 1),
(104, 'Luisa Lobato', 'Luisa_Lobato_2', '3cc17b152beb26665cccf5f0bf231887', 'p$mKc4oI', '2021-10-12 05:00:17', '2021-10-12 05:00:17', NULL, 3, 2, 0, 0, 1, 1, 1),
(105, 'Ramon Matos', 'Ramon_Matos_3', '34ffba0ad496d9a5ff89386586eedb1c', '&}Z)i4y6', '2021-10-12 05:00:46', '2021-10-12 05:00:46', NULL, 3, 3, 0, 0, 1, 1, 2),
(106, 'Liliana de Miguel', 'Liliana_de_4', 'a00ad8653c477a8f07eefa9049698f71', 'aarW6M21', '2021-10-12 05:01:04', '2021-10-12 05:01:04', NULL, 3, 4, 0, 0, 1, 1, 2),
(107, 'Carme Garrido', 'Carme_Garrido_5', '5ee9cac2ed8fd27a3e327a00e525ef54', 'm7H(AAD(', '2021-10-12 05:01:37', '2021-10-12 05:01:37', NULL, 3, 5, 0, 0, 1, 1, 3),
(108, 'Mayra Juan', 'Mayra_Juan_6', '50a1d0639d1857461aae2da235b62c02', 'Ci1WB7Cu', '2021-10-12 05:01:53', '2021-10-12 05:01:53', NULL, 3, 6, 0, 0, 1, 1, 3),
(109, 'Ander Zamora', 'Ander_Zamora_7', 'b821a732cca210fb9209b3494415825b', 'P5(M^nL5', '2021-10-12 05:02:28', '2021-10-12 05:02:28', NULL, 3, 7, 0, 0, 1, 1, 4),
(110, 'Tania Soto', 'Tania_Soto_8', '8ce7c69e082893ac3c31aad144de36c5', 'JejC>G8;', '2021-10-12 05:02:44', '2021-10-12 05:02:44', NULL, 3, 8, 0, 0, 1, 1, 4),
(111, 'Adam Carmona', 'Adam_Carmona_9', 'f05242613a81550ed27ad8c2e6fe3e9e', 'qxFJPHF#', '2021-10-12 05:03:13', '2021-10-12 05:03:13', NULL, 3, 9, 0, 0, 1, 1, 5),
(112, 'Lorenzo Huertas', 'Lorenzo_Huertas_10', '0badcac63b4ad760cd343c8640a9fe94', 'u.js;V_e', '2021-10-12 05:03:28', '2021-10-12 05:03:28', NULL, 3, 10, 0, 0, 1, 1, 5),
(113, 'Iris Camara', 'Iris_Camara_11', '5cec0debc2d284643f1bbc0364ff96d3', '?+i8I,I<', '2021-10-12 05:03:56', '2021-10-12 05:03:56', NULL, 3, 11, 0, 0, 1, 1, 6),
(114, 'Agustin Andrade', 'Agustin_Andrade_12', '409247329547370a34470c5c20f2752f', 'j+@y>:}k', '2021-10-12 05:04:13', '2021-10-12 05:04:13', NULL, 3, 12, 0, 0, 1, 1, 6),
(115, 'Abdelaziz Cañizares', 'Abdelaziz_Cañizares_13', '358a9f3494fd19ee162ff4d22a60060e', 'Vt8<TJ%M', '2021-10-12 05:04:48', '2021-10-12 05:04:48', NULL, 3, 13, 0, 0, 1, 1, 7),
(116, 'Lola Urbano', 'Lola_Urbano_14', '28b50c0bcd3e365dd104e8d48e1a2231', '*hB+OHwm', '2021-10-12 05:05:04', '2021-10-12 05:05:04', NULL, 3, 14, 0, 0, 1, 1, 7),
(117, 'Sílvia Rio', 'Sílvia_Rio_15', '07ff20ee51405dfcaaf4dcc3711d02ac', 'q<ELwp*f', '2021-10-12 05:05:38', '2021-10-12 05:05:38', NULL, 3, 15, 0, 0, 1, 1, 9),
(118, 'Serafina Polo', 'Serafina_Polo_16', '9efb3f3a67f9d3ce1dc706c656f6b87f', 'BDm<O_h*', '2021-10-12 05:05:54', '2021-10-12 05:05:54', NULL, 3, 16, 0, 0, 1, 1, 9),
(119, 'Jose Antunez', 'Jose_Antunez_17', '6b6081e5680b27ed3237cad95cde3d80', '@39lK)M#', '2021-10-12 05:06:25', '2021-10-12 05:06:25', NULL, 3, 17, 0, 0, 1, 1, 10),
(120, 'Feliciano Espino', 'Feliciano_Espino_18', '8f68e9927250bed935989a1382a2291e', 'l6D{ru<2', '2021-10-12 05:06:44', '2021-10-12 05:06:44', NULL, 3, 18, 0, 0, 1, 1, 10),
(121, 'Jacinto Burgos', 'Jacinto_Burgos_19', 'd6d93167b3eb5e58f2afa435454d5de6', '!7#1K5(d', '2021-10-12 05:07:27', '2021-10-12 05:07:27', NULL, 3, 19, 0, 0, 1, 1, 11),
(122, 'Adolfo Cabanillas', 'Adolfo_Cabanillas_20', 'c3d50b1898054f724755d388eccad274', '2HvF<ryn', '2021-10-12 05:07:44', '2021-10-12 05:07:44', NULL, 3, 20, 0, 0, 1, 1, 11),
(123, 'Nour Sans', 'Nour_Sans_21', 'ad082c8dce087c7aaa94e9ea491b91ef', '_T*sf%3!', '2021-10-12 05:08:14', '2021-10-12 05:08:14', NULL, 3, 21, 0, 0, 1, 1, 12),
(124, 'Modesta Megias', 'Modesta_Megias_22', '2d16d0fa19588bbb64adb4f21ded5f47', 'se3Y5XTk', '2021-10-12 05:08:28', '2021-10-12 05:08:28', NULL, 3, 22, 0, 0, 1, 1, 12),
(125, 'Melchor Navas', 'Melchor_Navas_23', '545e7d0aca676ffa3b46c7615fe0eb45', 'aIy!rRiR', '2021-10-12 05:09:02', '2021-10-12 05:09:02', NULL, 3, 23, 0, 0, 1, 1, 13),
(126, 'Ismail Ceballos', 'Ismail_Ceballos_24', 'f5630eebc71ef072835e62c3caf9e616', 'AdCCvBj<', '2021-10-12 05:09:22', '2021-10-12 05:09:22', NULL, 3, 24, 0, 0, 1, 1, 13),
(127, 'Faustino Zurita', 'Faustino_Zurita_25', '474d13efdb5b1cab4819c2e5bbea0eaa', 'edpJvNV,', '2021-10-12 05:09:57', '2021-10-12 05:09:57', NULL, 3, 25, 0, 0, 1, 1, 14),
(128, 'Jesus Vilches', 'Jesus_Vilches_26', '5b485fb759286805f1cd406d73a29eb0', '2v#,2<FZ', '2021-10-12 05:10:11', '2021-10-12 05:10:11', NULL, 3, 26, 0, 0, 1, 1, 14),
(129, 'Judith Cervantes', 'Judith_Cervantes_27', '9cd0da8106079af275c8efec4c10558a', 'lGJW:O2v', '2021-10-12 05:10:43', '2021-10-12 05:10:43', NULL, 3, 27, 0, 0, 1, 1, 15),
(130, 'Lazaro Ramon', 'Lazaro_Ramon_28', 'fa4c0816b61090e66fefc732c1b0baf8', 'On1kUX<a', '2021-10-12 05:11:00', '2021-10-12 05:11:00', NULL, 3, 28, 0, 0, 1, 1, 15),
(131, 'Dolors Gonzalez', 'Dolors_Gonzalez_29', 'ab7d73491b8c9481fc8fa9fe4721842a', '8Q2Wt#w4', '2021-10-12 05:11:50', '2021-10-12 05:11:50', NULL, 3, 29, 0, 0, 1, 1, 16),
(132, 'Oliva Valdes', 'Oliva_Valdes_30', 'fbabf3581d08331c256ecd0bf8d3ae69', '}(Ga%G$b', '2021-10-12 05:12:05', '2021-10-12 05:12:05', NULL, 3, 30, 0, 0, 1, 1, 16),
(133, 'Antónia Montoro', 'Antónia_Montoro_31', 'c20972cb1bd5918ce31c700076f0b221', '{qA<%Kx0', '2021-10-12 05:12:32', '2021-10-12 05:12:32', NULL, 3, 31, 0, 0, 1, 1, 17),
(134, 'Bruno Seco', 'Bruno_Seco_32', 'd272a56a28d60203e1cbfeb54971f836', 'SSiEF5;4', '2021-10-12 05:12:46', '2021-10-12 05:12:46', NULL, 3, 32, 0, 0, 1, 1, 17),
(135, 'Rosario Ferrando', 'Rosario_Ferrando_33', 'e9d0d59114d2daeccc6fd7f46c3427bb', 'LMA7.{fB', '2021-10-12 05:13:12', '2021-10-12 05:13:12', NULL, 3, 33, 0, 0, 1, 1, 18),
(136, 'Basilio Segarra', 'Basilio_Segarra_34', '08b942f930c6f4dcc43d0c74f09b9df7', 'KSjj2lqw', '2021-10-12 05:13:29', '2021-10-12 05:13:29', NULL, 3, 34, 0, 0, 1, 1, 18),
(137, 'Ismail Castells', 'Ismail_Castells_35', '2496a4e29a6fda2b217e0f23b8e363b1', 'Y3n,;)4K', '2021-10-12 05:14:00', '2021-10-12 05:14:00', NULL, 3, 35, 0, 0, 1, 1, 19),
(138, 'Iryna Duarte', 'Iryna_Duarte_36', '4a03f408abe9bc9d1ac1a0c22110988d', 'FAXg$>NE', '2021-10-12 05:14:13', '2021-10-12 05:14:13', NULL, 3, 36, 0, 0, 1, 1, 19),
(139, 'Zaida Martnez', 'Zaida_Martnez_37', 'dd3458dd1663d9182ab84c93c6b6c8eb', '#zt7CP4w', '2021-10-12 05:14:40', '2021-10-12 05:14:40', NULL, 3, 37, 0, 0, 1, 1, 20),
(140, 'Lina Fonseca', 'Lina_Fonseca_38', 'ee14d505b5611ac3793a75173391eaf4', 'FMK)MdTa', '2021-10-12 05:14:55', '2021-10-12 05:14:55', NULL, 3, 38, 0, 0, 1, 1, 20),
(141, 'Blanca Figueras', 'Blanca_Figueras_39', 'bd70cbdd6a7978c60f2b8f3a6f607d04', 'w3Po;0;_', '2021-10-12 05:15:23', '2021-10-12 05:15:23', NULL, 3, 39, 0, 0, 1, 1, 21),
(142, 'Cayetana Llorente', 'Cayetana_Llorente_40', '8859aff72dd654eafd3e38fcc20129af', 'wq(<h(gT', '2021-10-12 05:15:42', '2021-10-12 05:15:42', NULL, 3, 40, 0, 0, 1, 1, 21),
(143, 'Adelina Espejo', 'Adelina_Espejo_41', 'f470c961cefaf22bc5886cab0e60e599', 'YBy:p#Za', '2021-10-12 05:16:12', '2021-10-12 05:16:12', NULL, 3, 41, 0, 0, 1, 1, 22),
(144, 'Petra Arevalo', 'Petra_Arevalo_42', '94956cc6f78db079d2d3d8df4906c17f', '>YVA@6!o', '2021-10-12 05:16:25', '2021-10-12 05:16:25', NULL, 3, 42, 0, 0, 1, 1, 22),
(145, 'Maximino Cerdan', 'Maximino_Cerdan_43', '16ba42b5460d68e5a3e5c4f1a977d1d9', 'e2wT?r2^', '2021-10-12 05:16:57', '2021-10-12 05:16:57', NULL, 3, 43, 0, 0, 1, 1, 23),
(146, 'Guadalupe Naranjo', 'Guadalupe_Naranjo_44', '921c2345ce4e3fb7848ccbb9e5cfa473', 'qjD7G{}Z', '2021-10-12 05:17:10', '2021-10-12 05:17:10', NULL, 3, 44, 0, 0, 1, 1, 23),
(147, 'Daniel Fuentes', 'Daniel_Fuentes_45', 'c8349bfa602705bb30c870c7ee5d211c', 'TU9B8m>>', '2021-10-12 05:17:38', '2021-10-12 05:17:38', NULL, 3, 45, 0, 0, 1, 1, 24),
(148, 'Purificacion Oliveira', 'Purificacion_Oliveira_46', '7c5ba9e2192fa224576ba791ed343798', 'N<6?CxZ6', '2021-10-12 05:17:54', '2021-10-12 05:17:54', NULL, 3, 46, 0, 0, 1, 1, 24),
(149, 'Loreto Bolaños', 'Loreto_Bolaños_47', '3cded5f2f7c93fdf876bf581c202240a', 'L!AkTuTu', '2021-10-12 05:18:24', '2021-10-12 05:18:24', NULL, 3, 47, 0, 0, 1, 1, 25),
(150, 'Brenda Palomo', 'Brenda_Palomo_48', '202c55e5c585650eda72a08608050daa', 'CKX(OAeF', '2021-10-12 05:18:39', '2021-10-12 05:18:39', NULL, 3, 48, 0, 0, 1, 1, 25),
(151, 'Mohamed Rios', 'Mohamed_Rios_49', 'e59e0d995d4ba9b8768273ee64a22cb0', 'k2NrUEk0', '2021-10-12 05:19:40', '2021-10-12 05:19:40', NULL, 3, 49, 0, 0, 1, 1, 26),
(152, 'Barbara Canto', 'Barbara_Canto_50', '4fdceaaafea5365828c37c1ecb8e2deb', 'i>(S59og', '2021-10-12 05:19:52', '2021-10-12 05:19:52', NULL, 3, 50, 0, 0, 1, 1, 26),
(153, 'Eliseo Carrion', 'Eliseo_Carrion_51', 'af2b32ad892d91edcb4551fe69ec7f40', 'OZ})fkz<', '2021-10-12 05:20:20', '2021-10-12 05:20:20', NULL, 3, 51, 0, 0, 1, 1, 27),
(154, 'Jamal Mota', 'Jamal_Mota_52', '902de88f34e26f315f2e1dfb86c202d8', 'HZqHrX*%', '2021-10-12 05:20:33', '2021-10-12 05:20:33', NULL, 3, 52, 0, 0, 1, 1, 27),
(155, 'Vicent Vicente', 'Vicent_Vicente_53', 'a9963dca0364f4bb43b37d62d629c95c', '2bmv:uo>', '2021-10-12 05:20:48', '2021-10-12 05:20:48', NULL, 3, 53, 0, 0, 1, 1, 28),
(156, 'Felipa Ordoñez', 'Felipa_Ordoñez_54', '7b51704e4de113acff40accb865c4ca8', 'DTo1NpY7', '2021-10-12 05:22:10', '2021-10-12 05:22:10', NULL, 3, 54, 0, 0, 1, 1, 28),
(157, 'Mateo Arana', 'Mateo_Arana_55', 'f83855a458b9048c44637dc848f77f50', 'qa$6P!)b', '2021-10-12 05:22:30', '2021-10-12 05:22:30', NULL, 3, 55, 0, 0, 1, 1, 28),
(158, 'Bilal Escudero', 'Bilal_Escudero_56', 'c02653726e17921ae7da33de60188349', 'TPFnsIc!', '2021-10-12 05:23:02', '2021-10-12 05:23:02', NULL, 3, 56, 0, 0, 1, 1, 29),
(159, 'Javier Hoyos', 'Javier_Hoyos_57', '21843e6c839e2c042019423bd14e6bd8', 'p+,_?l+(', '2021-10-12 05:23:15', '2021-10-12 05:23:15', NULL, 3, 57, 0, 0, 1, 1, 29),
(160, 'Balbina Mercado', 'Balbina_Mercado_58', 'e2e6b64bb5d4e7e171b98d1d3e59f9e1', '(S%X.l:d', '2021-10-12 05:23:43', '2021-10-12 05:23:43', NULL, 3, 58, 0, 0, 1, 1, 30),
(161, 'Dolores Herrero', 'Dolores_Herrero_59', '923dab1e219b6f67f0da0cc51843061d', 'pm((MDxe', '2021-10-12 05:23:56', '2021-10-12 05:23:56', NULL, 3, 59, 0, 0, 1, 1, 30),
(162, 'Jonathan Goñi', 'Jonathan_Goñi_60', 'b3a17300bf7625a10e92a07a8d223337', 'IU7xvnfu', '2021-10-12 05:24:26', '2021-10-12 05:24:26', NULL, 3, 60, 0, 0, 1, 1, 31),
(163, 'Salvador Vaca', 'Salvador_Vaca_61', '321a28f9ceb88c7a63caf0f6096e6858', 'vp<C:@;6', '2021-10-12 05:24:38', '2021-10-12 05:24:38', NULL, 3, 61, 0, 0, 1, 1, 31),
(164, 'Carmela Castro', 'Carmela_Castro_62', '868f44337bb16fe44d7a8f04864a0014', '}yu4Mb%L', '2021-10-12 05:25:01', '2021-10-12 05:25:01', NULL, 3, 62, 0, 0, 1, 1, 32),
(165, 'Roger Labrador', 'Roger_Labrador_63', '7a880bd9348700a7a88f5903d7389468', 'SO&G0WU8', '2021-10-12 05:25:15', '2021-10-12 05:25:15', NULL, 3, 63, 0, 0, 1, 1, 32),
(166, 'Stefan Mariño', 'Stefan_Mariño_64', 'e0ddcdec7de3ddf9afc7ef4822fa5919', '&pc}vtiy', '2021-10-12 05:25:43', '2021-10-12 05:25:43', NULL, 3, 64, 0, 0, 1, 1, 33),
(167, 'Miguel Diego', 'Miguel_Diego_65', '35dc99507fdc77a68d21f2818bbf31cc', '1,z*SuUC', '2021-10-12 05:25:54', '2021-10-12 05:25:54', NULL, 3, 65, 0, 0, 1, 1, 33),
(168, 'Ezequiel Poveda', 'Ezequiel_Poveda_66', 'e777355b5184498560b5ff61038c4f4a', 'Z}UsqDXA', '2021-10-12 05:26:20', '2021-10-12 05:26:20', NULL, 3, 66, 0, 0, 1, 1, 34),
(169, 'Najat Palacio', 'Najat_Palacio_67', '6a0d705b22af4eb8120a285ef8b1e412', '+wP9:M9c', '2021-10-12 05:26:32', '2021-10-12 05:26:32', NULL, 3, 67, 0, 0, 1, 1, 34),
(170, 'Baldomero Pareja', 'Baldomero_Pareja_68', 'c736eeb502a036c367c9cbe470be77dc', 'r^&prg+,', '2021-10-12 05:27:02', '2021-10-12 05:27:02', NULL, 3, 68, 0, 0, 1, 1, 35),
(171, 'Graciela Ponce', 'Graciela_Ponce_69', '067da1d45be3c54aae8f11af89d09fd3', 'vqLR^HN1', '2021-10-12 05:27:16', '2021-10-12 05:27:16', NULL, 3, 69, 0, 0, 1, 1, 35),
(172, 'Inma García', 'Inma_García_70', 'ea442039abb8f20eb3b4172604a02443', 't}rG+<6$', '2021-10-12 05:27:44', '2021-10-12 05:27:44', NULL, 3, 70, 0, 0, 1, 1, 36),
(173, 'Antoni Mendoza', 'Antoni_Mendoza_71', '1c3e9b816d678e6375659bbd707310a3', '!Yx&l<Xn', '2021-10-12 05:28:00', '2021-10-12 05:28:00', NULL, 3, 71, 0, 0, 1, 1, 36),
(174, 'Fredy Benitez', 'fredymauricio.benitez.orellaana@gmail.com', '202cb962ac59075b964b07152d234b70', '123', '2021-10-12 23:13:53', '2021-10-12 23:13:53', NULL, 4, 0, 0, 4, 1, 1, 0),
(175, 'BLANCA ', 'blanca_28guardado@hotmail.com', '6ebe76c9fb411be97b3b0d48b791a7c9', '987654321', '2021-10-13 02:11:22', '2021-10-13 02:11:22', NULL, 4, 0, 0, 5, 1, 1, 0),
(176, 'Alberto Iglesias', 'Alberto_Iglesias_37', '0c654d12068ef19f530ac615e9e3a1e0', 'sW^z.WzZ', '2021-10-13 02:25:38', '2021-10-13 02:25:38', NULL, 2, 0, 37, 0, 1, 1, 37),
(177, 'Abigail ', 'mendezabigail231@gmail.com', 'c9f05bbcedee406ed799fb923d934fab', 'Abisgail2122', '2021-10-13 02:27:51', '2021-10-13 02:27:51', NULL, 4, 0, 0, 6, 1, 1, 0),
(178, 'Alex Lopez', 'Alex_Lopez_72', '0695505291493df74bf01d3bc854fbd7', '+myF_2w+', '2021-10-13 02:29:50', '2021-10-13 02:29:50', NULL, 3, 72, 0, 0, 1, 1, 37),
(179, 'Jose Cañas', 'Jose_Cañas_38', '6030ac7c8af5c21978714fdac195960e', 'T7JLG2IK', '2021-10-13 02:58:29', '2021-10-13 02:58:29', NULL, 2, 0, 38, 0, 1, 1, 38),
(180, 'Rafael  Rodriguez', 'Rafael_Rodriguez_73', 'a98921c3b182869bed2f7217420fea6e', '3AKZ>dMY', '2021-10-13 03:02:03', '2021-10-13 03:02:03', NULL, 3, 73, 0, 0, 1, 1, 38),
(181, 'Roxana Argueta ', 'soyingrid.1977@gmail.com', '3e9b0c35f9ed08c7523cc370591c96d5', '1977roxana', '2021-10-14 21:05:32', '2021-10-14 21:05:32', NULL, 4, 0, 0, 7, 1, 1, 0),
(182, 'Elias Gonzalez', 'eliasjoseph0097@gmail.com', '6a1f1915fe115db6f488bf7baca129e2', 'Melinch0', '2021-10-15 03:07:54', '2021-10-15 03:07:54', NULL, 4, 0, 0, 8, 1, 1, 0),
(183, 'Luis Arturo Villar', 'Luis_Arturo_39', '6850d198582e4994489ca75cb099b8a5', '9)jrD^6P', '2021-10-15 03:27:36', '2021-10-15 03:27:36', NULL, 2, 0, 39, 0, 1, 1, 39),
(184, 'Cristian Pineda', 'Cristian_Pineda_74', '4d0284d5973c083edf082f16ed84569e', '{ub*Qb_t', '2021-10-15 03:31:57', '2021-10-15 03:31:57', NULL, 3, 74, 0, 0, 1, 1, 0),
(185, 'Fredy Pineda', 'Fredy_Pineda_40', '81dc9bdb52d04dc20036dbd8313ed055', '1234', '2021-10-15 23:13:32', '2021-10-15 23:13:32', NULL, 2, 0, 40, 0, 1, 1, 40),
(186, 'Carlos  Flores', 'Carlos_Flores_75', 'a44d8bf67e1f7763b63fd16240cb4889', 'D<O^_4Gj', '2021-10-15 23:31:25', '2021-10-15 23:31:25', NULL, 3, 75, 0, 0, 1, 1, 40),
(187, 'Abigail Guatemala', 'Abigail_Guatemala_76', '37f299007792a4e9dec1481bca604016', 'abigail', '2021-10-15 23:36:22', '2021-10-15 23:36:22', NULL, 3, 76, 0, 0, 1, 1, 40),
(188, 'Tatiana García', 'tatiana_2497@hotmail.com', '827ccb0eea8a706c4c34a16891f84e7b', '12345', '2021-10-16 08:15:25', '2021-10-16 08:15:25', NULL, 4, 0, 0, 9, 1, 1, 0),
(189, 'Irma Gutierrez', 'Irma_Gutierrez_41', 'bfdd521a3b30f25eb2110fea2bd80745', 'TK9{O$nE', '2021-10-17 02:54:47', '2021-10-17 02:54:47', NULL, 2, 0, 41, 0, 1, 1, 41),
(190, 'Fredy Mauricio Benitez', 'Fredy_Benitez_77', '81dc9bdb52d04dc20036dbd8313ed055', '1234', '2021-10-17 03:18:18', '2021-10-17 03:18:18', NULL, 3, 77, 0, 0, 1, 1, 41),
(191, 'Fredy Mauricio Benitez Orellana', 'fredymauricio.benitez.orellana@gmail.com', '202cb962ac59075b964b07152d234b70', '123', '2021-10-17 03:50:10', '2021-10-17 03:50:10', NULL, 4, 0, 0, 10, 1, 1, 0);

-- --------------------------------------------------------

--
-- Estructura de tabla para la tabla `tblusuario_modulo`
--

CREATE TABLE `tblusuario_modulo` (
  `id_modulo_usuario` int(11) NOT NULL,
  `id_modulo` int(11) NOT NULL,
  `id_usuario` int(11) NOT NULL,
  `created_at` datetime NOT NULL DEFAULT current_timestamp(),
  `updated_at` datetime NOT NULL DEFAULT current_timestamp(),
  `deleted_at` datetime DEFAULT NULL
) ENGINE=InnoDB DEFAULT CHARSET=utf8;

--
-- Volcado de datos para la tabla `tblusuario_modulo`
--

INSERT INTO `tblusuario_modulo` (`id_modulo_usuario`, `id_modulo`, `id_usuario`, `created_at`, `updated_at`, `deleted_at`) VALUES
(20, 32, 5, '2021-05-02 08:48:24', '2021-05-02 08:48:24', NULL),
(21, 33, 5, '2021-05-02 08:48:24', '2021-05-02 08:48:24', NULL),
(22, 20, 5, '2021-05-02 08:48:24', '2021-05-02 08:48:24', NULL),
(23, 21, 5, '2021-05-02 08:48:24', '2021-05-02 08:48:24', NULL),
(24, 22, 5, '2021-05-02 08:48:24', '2021-05-02 08:48:24', NULL),
(25, 23, 5, '2021-05-02 08:48:24', '2021-05-02 08:48:24', NULL),
(26, 24, 5, '2021-05-02 08:48:24', '2021-05-02 08:48:24', NULL),
(27, 25, 5, '2021-05-02 08:48:24', '2021-05-02 08:48:24', NULL),
(28, 26, 5, '2021-05-02 08:48:24', '2021-05-02 08:48:24', NULL),
(29, 27, 5, '2021-05-02 08:48:24', '2021-05-02 08:48:24', NULL),
(30, 28, 5, '2021-05-02 08:48:24', '2021-05-02 08:48:24', NULL),
(199, 67, 2, '2021-08-16 12:49:06', '2021-08-16 12:49:06', NULL),
(200, 61, 2, '2021-08-16 12:49:06', '2021-08-16 12:49:06', NULL),
(211, 67, 14, '2021-08-16 12:52:31', '2021-08-16 12:52:31', NULL),
(212, 61, 14, '2021-08-16 12:52:31', '2021-08-16 12:52:31', NULL),
(213, 67, 15, '2021-08-16 12:52:38', '2021-08-16 12:52:38', NULL),
(214, 61, 15, '2021-08-16 12:52:38', '2021-08-16 12:52:38', NULL),
(215, 67, 16, '2021-08-16 12:52:58', '2021-08-16 12:52:58', NULL),
(216, 61, 16, '2021-08-16 12:52:58', '2021-08-16 12:52:58', NULL),
(217, 67, 17, '2021-08-16 12:53:05', '2021-08-16 12:53:05', NULL),
(218, 61, 17, '2021-08-16 12:53:05', '2021-08-16 12:53:05', NULL),
(219, 67, 18, '2021-08-16 12:53:14', '2021-08-16 12:53:14', NULL),
(220, 61, 18, '2021-08-16 12:53:14', '2021-08-16 12:53:14', NULL),
(221, 67, 19, '2021-08-16 12:53:21', '2021-08-16 12:53:21', NULL),
(222, 61, 19, '2021-08-16 12:53:21', '2021-08-16 12:53:21', NULL),
(223, 67, 20, '2021-08-16 12:53:29', '2021-08-16 12:53:29', NULL),
(224, 61, 20, '2021-08-16 12:53:29', '2021-08-16 12:53:29', NULL),
(225, 67, 21, '2021-08-16 12:53:38', '2021-08-16 12:53:38', NULL),
(226, 61, 21, '2021-08-16 12:53:38', '2021-08-16 12:53:38', NULL),
(227, 67, 22, '2021-08-16 12:53:43', '2021-08-16 12:53:43', NULL),
(228, 61, 22, '2021-08-16 12:53:43', '2021-08-16 12:53:43', NULL),
(229, 67, 23, '2021-08-16 12:53:50', '2021-08-16 12:53:50', NULL),
(230, 61, 23, '2021-08-16 12:53:50', '2021-08-16 12:53:50', NULL),
(231, 67, 24, '2021-08-16 12:53:57', '2021-08-16 12:53:57', NULL),
(232, 61, 24, '2021-08-16 12:53:57', '2021-08-16 12:53:57', NULL),
(233, 67, 25, '2021-08-16 12:54:04', '2021-08-16 12:54:04', NULL),
(234, 61, 25, '2021-08-16 12:54:04', '2021-08-16 12:54:04', NULL),
(235, 67, 26, '2021-08-16 12:54:10', '2021-08-16 12:54:10', NULL),
(236, 61, 26, '2021-08-16 12:54:10', '2021-08-16 12:54:10', NULL),
(237, 67, 27, '2021-08-16 12:54:16', '2021-08-16 12:54:16', NULL),
(238, 61, 27, '2021-08-16 12:54:16', '2021-08-16 12:54:16', NULL),
(239, 67, 28, '2021-08-16 12:54:22', '2021-08-16 12:54:22', NULL),
(240, 61, 28, '2021-08-16 12:54:22', '2021-08-16 12:54:22', NULL),
(241, 67, 29, '2021-08-16 12:54:28', '2021-08-16 12:54:28', NULL),
(242, 61, 29, '2021-08-16 12:54:28', '2021-08-16 12:54:28', NULL),
(243, 67, 30, '2021-08-16 12:54:34', '2021-08-16 12:54:34', NULL),
(244, 61, 30, '2021-08-16 12:54:34', '2021-08-16 12:54:34', NULL),
(245, 67, 31, '2021-08-16 12:54:39', '2021-08-16 12:54:39', NULL),
(246, 61, 31, '2021-08-16 12:54:39', '2021-08-16 12:54:39', NULL),
(247, 67, 32, '2021-08-16 12:54:45', '2021-08-16 12:54:45', NULL),
(248, 61, 32, '2021-08-16 12:54:45', '2021-08-16 12:54:45', NULL),
(249, 67, 33, '2021-08-16 12:54:52', '2021-08-16 12:54:52', NULL),
(250, 61, 33, '2021-08-16 12:54:52', '2021-08-16 12:54:52', NULL),
(251, 67, 34, '2021-08-16 12:54:57', '2021-08-16 12:54:57', NULL),
(252, 61, 34, '2021-08-16 12:54:57', '2021-08-16 12:54:57', NULL),
(253, 67, 35, '2021-08-16 12:55:02', '2021-08-16 12:55:02', NULL),
(254, 61, 35, '2021-08-16 12:55:02', '2021-08-16 12:55:02', NULL),
(255, 67, 36, '2021-08-16 12:55:07', '2021-08-16 12:55:07', NULL),
(256, 61, 36, '2021-08-16 12:55:07', '2021-08-16 12:55:07', NULL),
(257, 67, 37, '2021-08-16 12:55:13', '2021-08-16 12:55:13', NULL),
(258, 61, 37, '2021-08-16 12:55:13', '2021-08-16 12:55:13', NULL),
(259, 67, 38, '2021-08-16 12:55:18', '2021-08-16 12:55:18', NULL),
(260, 61, 38, '2021-08-16 12:55:18', '2021-08-16 12:55:18', NULL),
(261, 67, 39, '2021-08-16 12:55:23', '2021-08-16 12:55:23', NULL),
(262, 61, 39, '2021-08-16 12:55:23', '2021-08-16 12:55:23', NULL),
(263, 50, 41, '2021-08-16 12:56:14', '2021-08-16 12:56:14', NULL),
(264, 51, 41, '2021-08-16 12:56:14', '2021-08-16 12:56:14', NULL),
(265, 54, 41, '2021-08-16 12:56:14', '2021-08-16 12:56:14', NULL),
(266, 57, 41, '2021-08-16 12:56:14', '2021-08-16 12:56:14', NULL),
(267, 58, 41, '2021-08-16 12:56:14', '2021-08-16 12:56:14', NULL),
(268, 59, 41, '2021-08-16 12:56:14', '2021-08-16 12:56:14', NULL),
(269, 60, 41, '2021-08-16 12:56:14', '2021-08-16 12:56:14', NULL),
(270, 62, 41, '2021-08-16 12:56:14', '2021-08-16 12:56:14', NULL),
(271, 63, 41, '2021-08-16 12:56:14', '2021-08-16 12:56:14', '2021-08-22 12:05:00'),
(272, 64, 41, '2021-08-16 12:56:14', '2021-08-16 12:56:14', NULL),
(273, 65, 41, '2021-08-16 12:56:14', '2021-08-16 12:56:14', NULL),
(274, 66, 41, '2021-08-16 12:56:14', '2021-08-16 12:56:14', NULL),
(275, 67, 41, '2021-08-16 12:56:14', '2021-08-16 12:56:14', NULL),
(276, 68, 41, '2021-08-16 12:56:14', '2021-08-16 12:56:14', NULL),
(319, 50, 6, '2021-08-16 12:56:59', '2021-08-16 12:56:59', NULL),
(320, 51, 6, '2021-08-16 12:56:59', '2021-08-16 12:56:59', NULL),
(321, 54, 6, '2021-08-16 12:56:59', '2021-08-16 12:56:59', NULL),
(322, 57, 6, '2021-08-16 12:56:59', '2021-08-16 12:56:59', NULL),
(323, 58, 6, '2021-08-16 12:56:59', '2021-08-16 12:56:59', NULL),
(324, 59, 6, '2021-08-16 12:56:59', '2021-08-16 12:56:59', NULL),
(325, 60, 6, '2021-08-16 12:56:59', '2021-08-16 12:56:59', NULL),
(326, 62, 6, '2021-08-16 12:56:59', '2021-08-16 12:56:59', NULL),
(327, 63, 6, '2021-08-16 12:56:59', '2021-08-16 12:56:59', NULL),
(328, 64, 6, '2021-08-16 12:56:59', '2021-08-16 12:56:59', NULL),
(329, 65, 6, '2021-08-16 12:56:59', '2021-08-16 12:56:59', NULL),
(330, 66, 6, '2021-08-16 12:56:59', '2021-08-16 12:56:59', NULL),
(331, 67, 6, '2021-08-16 12:56:59', '2021-08-16 12:56:59', NULL),
(332, 68, 6, '2021-08-16 12:56:59', '2021-08-16 12:56:59', NULL),
(333, 50, 40, '2021-08-16 17:34:26', '2021-08-16 17:34:26', NULL),
(334, 51, 40, '2021-08-16 17:34:26', '2021-08-16 17:34:26', NULL),
(335, 54, 40, '2021-08-16 17:34:26', '2021-08-16 17:34:26', NULL),
(336, 57, 40, '2021-08-16 17:34:26', '2021-08-16 17:34:26', NULL),
(337, 58, 40, '2021-08-16 17:34:26', '2021-08-16 17:34:26', NULL),
(338, 59, 40, '2021-08-16 17:34:26', '2021-08-16 17:34:26', NULL),
(339, 60, 40, '2021-08-16 17:34:26', '2021-08-16 17:34:26', NULL),
(340, 62, 40, '2021-08-16 17:34:26', '2021-08-16 17:34:26', NULL),
(341, 63, 40, '2021-08-16 17:34:26', '2021-08-16 17:34:26', NULL),
(342, 64, 40, '2021-08-16 17:34:26', '2021-08-16 17:34:26', NULL),
(343, 65, 40, '2021-08-16 17:34:26', '2021-08-16 17:34:26', NULL),
(344, 66, 40, '2021-08-16 17:34:26', '2021-08-16 17:34:26', NULL),
(345, 67, 40, '2021-08-16 17:34:26', '2021-08-16 17:34:26', NULL),
(346, 68, 40, '2021-08-16 17:34:26', '2021-08-16 17:34:26', NULL),
(347, 50, 10, '2021-08-16 17:34:30', '2021-08-16 17:34:30', NULL),
(348, 51, 10, '2021-08-16 17:34:30', '2021-08-16 17:34:30', NULL),
(349, 54, 10, '2021-08-16 17:34:30', '2021-08-16 17:34:30', NULL),
(350, 57, 10, '2021-08-16 17:34:30', '2021-08-16 17:34:30', NULL),
(351, 58, 10, '2021-08-16 17:34:30', '2021-08-16 17:34:30', NULL),
(352, 59, 10, '2021-08-16 17:34:30', '2021-08-16 17:34:30', NULL),
(353, 60, 10, '2021-08-16 17:34:30', '2021-08-16 17:34:30', NULL),
(354, 62, 10, '2021-08-16 17:34:30', '2021-08-16 17:34:30', NULL),
(355, 63, 10, '2021-08-16 17:34:30', '2021-08-16 17:34:30', NULL),
(356, 64, 10, '2021-08-16 17:34:30', '2021-08-16 17:34:30', NULL),
(357, 65, 10, '2021-08-16 17:34:30', '2021-08-16 17:34:30', NULL),
(358, 66, 10, '2021-08-16 17:34:30', '2021-08-16 17:34:30', NULL),
(359, 67, 10, '2021-08-16 17:34:30', '2021-08-16 17:34:30', NULL),
(360, 68, 10, '2021-08-16 17:34:30', '2021-08-16 17:34:30', NULL),
(361, 50, 7, '2021-08-16 17:34:34', '2021-08-16 17:34:34', NULL),
(362, 51, 7, '2021-08-16 17:34:34', '2021-08-16 17:34:34', NULL),
(363, 54, 7, '2021-08-16 17:34:34', '2021-08-16 17:34:34', NULL),
(364, 57, 7, '2021-08-16 17:34:34', '2021-08-16 17:34:34', NULL),
(365, 58, 7, '2021-08-16 17:34:34', '2021-08-16 17:34:34', NULL),
(366, 59, 7, '2021-08-16 17:34:34', '2021-08-16 17:34:34', NULL),
(367, 60, 7, '2021-08-16 17:34:34', '2021-08-16 17:34:34', NULL),
(368, 62, 7, '2021-08-16 17:34:34', '2021-08-16 17:34:34', NULL),
(369, 63, 7, '2021-08-16 17:34:34', '2021-08-16 17:34:34', NULL),
(370, 64, 7, '2021-08-16 17:34:34', '2021-08-16 17:34:34', NULL),
(371, 65, 7, '2021-08-16 17:34:34', '2021-08-16 17:34:34', NULL),
(372, 66, 7, '2021-08-16 17:34:34', '2021-08-16 17:34:34', NULL),
(373, 67, 7, '2021-08-16 17:34:34', '2021-08-16 17:34:34', NULL),
(374, 68, 7, '2021-08-16 17:34:34', '2021-08-16 17:34:34', NULL),
(375, 67, 43, '2021-08-16 19:08:24', '2021-08-16 19:08:24', NULL),
(376, 61, 43, '2021-08-16 19:08:24', '2021-08-16 19:08:24', NULL),
(377, 46, 41, '2021-08-22 11:45:37', '2021-08-22 11:45:37', '2021-08-22 12:05:00'),
(378, 47, 41, '2021-08-22 11:45:37', '2021-08-22 11:45:37', '2021-08-22 12:05:00'),
(379, 34, 41, '2021-08-22 12:05:52', '2021-08-22 12:05:52', NULL),
(393, 50, 44, '2021-08-27 19:49:28', '2021-08-27 19:49:28', NULL),
(394, 51, 44, '2021-08-27 19:49:28', '2021-08-27 19:49:28', NULL),
(395, 54, 44, '2021-08-27 19:49:28', '2021-08-27 19:49:28', NULL),
(396, 57, 44, '2021-08-27 19:49:28', '2021-08-27 19:49:28', NULL),
(397, 58, 44, '2021-08-27 19:49:28', '2021-08-27 19:49:28', NULL),
(398, 59, 44, '2021-08-27 19:49:28', '2021-08-27 19:49:28', NULL),
(399, 60, 44, '2021-08-27 19:49:28', '2021-08-27 19:49:28', NULL),
(400, 62, 44, '2021-08-27 19:49:28', '2021-08-27 19:49:28', NULL),
(401, 64, 44, '2021-08-27 19:49:28', '2021-08-27 19:49:28', NULL),
(402, 65, 44, '2021-08-27 19:49:28', '2021-08-27 19:49:28', NULL),
(403, 66, 44, '2021-08-27 19:49:28', '2021-08-27 19:49:28', NULL),
(404, 67, 44, '2021-08-27 19:49:28', '2021-08-27 19:49:28', NULL),
(405, 68, 44, '2021-08-27 19:49:28', '2021-08-27 19:49:28', NULL),
(406, 67, 45, '2021-08-27 19:51:08', '2021-08-27 19:51:08', NULL),
(407, 61, 45, '2021-08-27 19:51:08', '2021-08-27 19:51:08', NULL),
(408, 67, 46, '2021-08-29 08:17:44', '2021-08-29 08:17:44', NULL),
(409, 61, 46, '2021-08-29 08:17:44', '2021-08-29 08:17:44', NULL),
(410, 77, 55, '2021-10-01 21:27:14', '2021-10-01 21:27:14', NULL),
(411, 78, 55, '2021-10-01 21:27:14', '2021-10-01 21:27:14', NULL),
(412, 79, 55, '2021-10-01 21:27:14', '2021-10-01 21:27:14', NULL),
(413, 80, 55, '2021-10-01 21:27:14', '2021-10-01 21:27:14', NULL),
(414, 81, 55, '2021-10-01 21:27:14', '2021-10-01 21:27:14', NULL),
(415, 82, 55, '2021-10-01 21:27:14', '2021-10-01 21:27:14', NULL),
(416, 83, 55, '2021-10-01 21:27:14', '2021-10-01 21:27:14', NULL),
(417, 84, 55, '2021-10-01 21:27:14', '2021-10-01 21:27:14', NULL),
(418, 85, 55, '2021-10-01 21:27:14', '2021-10-01 21:27:14', NULL),
(419, 86, 55, '2021-10-01 21:27:14', '2021-10-01 21:27:14', NULL),
(420, 87, 55, '2021-10-01 21:27:14', '2021-10-01 21:27:14', NULL),
(421, 88, 55, '2021-10-01 21:27:14', '2021-10-01 21:27:14', NULL),
(422, 89, 55, '2021-10-01 21:27:14', '2021-10-01 21:27:14', NULL),
(423, 90, 55, '2021-10-01 21:27:14', '2021-10-01 21:27:14', NULL),
(424, 77, 56, '2021-10-01 21:56:24', '2021-10-01 21:56:24', NULL),
(425, 78, 56, '2021-10-01 21:56:24', '2021-10-01 21:56:24', NULL),
(426, 79, 56, '2021-10-01 21:56:24', '2021-10-01 21:56:24', NULL),
(427, 80, 56, '2021-10-01 21:56:24', '2021-10-01 21:56:24', NULL),
(428, 81, 56, '2021-10-01 21:56:24', '2021-10-01 21:56:24', NULL),
(429, 82, 56, '2021-10-01 21:56:24', '2021-10-01 21:56:24', NULL),
(430, 83, 56, '2021-10-01 21:56:24', '2021-10-01 21:56:24', NULL),
(431, 84, 56, '2021-10-01 21:56:24', '2021-10-01 21:56:24', NULL),
(432, 85, 56, '2021-10-01 21:56:24', '2021-10-01 21:56:24', NULL),
(433, 86, 56, '2021-10-01 21:56:24', '2021-10-01 21:56:24', NULL),
(434, 87, 56, '2021-10-01 21:56:24', '2021-10-01 21:56:24', NULL),
(435, 88, 56, '2021-10-01 21:56:24', '2021-10-01 21:56:24', NULL),
(436, 89, 56, '2021-10-01 21:56:24', '2021-10-01 21:56:24', NULL),
(437, 90, 56, '2021-10-01 21:56:24', '2021-10-01 21:56:24', NULL),
(438, 77, 62, '2021-10-11 13:13:45', '2021-10-11 13:13:45', NULL),
(439, 78, 62, '2021-10-11 13:13:45', '2021-10-11 13:13:45', NULL),
(440, 79, 62, '2021-10-11 13:13:45', '2021-10-11 13:13:45', NULL),
(441, 80, 62, '2021-10-11 13:13:45', '2021-10-11 13:13:45', NULL),
(442, 81, 62, '2021-10-11 13:13:45', '2021-10-11 13:13:45', NULL),
(443, 82, 62, '2021-10-11 13:13:45', '2021-10-11 13:13:45', NULL),
(444, 83, 62, '2021-10-11 13:13:45', '2021-10-11 13:13:45', NULL),
(445, 84, 62, '2021-10-11 13:13:45', '2021-10-11 13:13:45', NULL),
(446, 85, 62, '2021-10-11 13:13:45', '2021-10-11 13:13:45', NULL),
(447, 86, 62, '2021-10-11 13:13:45', '2021-10-11 13:13:45', NULL),
(448, 87, 62, '2021-10-11 13:13:45', '2021-10-11 13:13:45', NULL),
(449, 88, 62, '2021-10-11 13:13:45', '2021-10-11 13:13:45', NULL),
(450, 89, 62, '2021-10-11 13:13:45', '2021-10-11 13:13:45', NULL),
(451, 90, 62, '2021-10-11 13:13:45', '2021-10-11 13:13:45', NULL),
(452, 77, 67, '2021-10-12 04:28:07', '2021-10-12 04:28:07', NULL),
(453, 78, 67, '2021-10-12 04:28:07', '2021-10-12 04:28:07', NULL),
(454, 79, 67, '2021-10-12 04:28:07', '2021-10-12 04:28:07', NULL),
(455, 80, 67, '2021-10-12 04:28:07', '2021-10-12 04:28:07', NULL),
(456, 81, 67, '2021-10-12 04:28:07', '2021-10-12 04:28:07', NULL),
(457, 82, 67, '2021-10-12 04:28:07', '2021-10-12 04:28:07', NULL),
(458, 83, 67, '2021-10-12 04:28:07', '2021-10-12 04:28:07', NULL),
(459, 84, 67, '2021-10-12 04:28:07', '2021-10-12 04:28:07', NULL),
(460, 85, 67, '2021-10-12 04:28:07', '2021-10-12 04:28:07', NULL),
(461, 86, 67, '2021-10-12 04:28:07', '2021-10-12 04:28:07', NULL),
(462, 87, 67, '2021-10-12 04:28:07', '2021-10-12 04:28:07', NULL),
(463, 88, 67, '2021-10-12 04:28:07', '2021-10-12 04:28:07', NULL),
(464, 89, 67, '2021-10-12 04:28:07', '2021-10-12 04:28:07', NULL),
(465, 90, 67, '2021-10-12 04:28:07', '2021-10-12 04:28:07', NULL),
(466, 77, 68, '2021-10-12 04:28:54', '2021-10-12 04:28:54', NULL),
(467, 78, 68, '2021-10-12 04:28:54', '2021-10-12 04:28:54', NULL),
(468, 79, 68, '2021-10-12 04:28:54', '2021-10-12 04:28:54', NULL),
(469, 80, 68, '2021-10-12 04:28:54', '2021-10-12 04:28:54', NULL),
(470, 81, 68, '2021-10-12 04:28:54', '2021-10-12 04:28:54', NULL),
(471, 82, 68, '2021-10-12 04:28:54', '2021-10-12 04:28:54', NULL),
(472, 83, 68, '2021-10-12 04:28:54', '2021-10-12 04:28:54', NULL),
(473, 84, 68, '2021-10-12 04:28:54', '2021-10-12 04:28:54', NULL),
(474, 85, 68, '2021-10-12 04:28:54', '2021-10-12 04:28:54', NULL),
(475, 86, 68, '2021-10-12 04:28:54', '2021-10-12 04:28:54', NULL),
(476, 87, 68, '2021-10-12 04:28:54', '2021-10-12 04:28:54', NULL),
(477, 88, 68, '2021-10-12 04:28:54', '2021-10-12 04:28:54', NULL),
(478, 89, 68, '2021-10-12 04:28:54', '2021-10-12 04:28:54', NULL),
(479, 90, 68, '2021-10-12 04:28:54', '2021-10-12 04:28:54', NULL),
(480, 77, 69, '2021-10-12 04:29:51', '2021-10-12 04:29:51', NULL),
(481, 78, 69, '2021-10-12 04:29:51', '2021-10-12 04:29:51', NULL),
(482, 79, 69, '2021-10-12 04:29:51', '2021-10-12 04:29:51', NULL),
(483, 80, 69, '2021-10-12 04:29:51', '2021-10-12 04:29:51', NULL),
(484, 81, 69, '2021-10-12 04:29:51', '2021-10-12 04:29:51', NULL),
(485, 82, 69, '2021-10-12 04:29:51', '2021-10-12 04:29:51', NULL),
(486, 83, 69, '2021-10-12 04:29:51', '2021-10-12 04:29:51', NULL),
(487, 84, 69, '2021-10-12 04:29:51', '2021-10-12 04:29:51', NULL),
(488, 85, 69, '2021-10-12 04:29:51', '2021-10-12 04:29:51', NULL),
(489, 86, 69, '2021-10-12 04:29:51', '2021-10-12 04:29:51', NULL),
(490, 87, 69, '2021-10-12 04:29:51', '2021-10-12 04:29:51', NULL),
(491, 88, 69, '2021-10-12 04:29:51', '2021-10-12 04:29:51', NULL),
(492, 89, 69, '2021-10-12 04:29:51', '2021-10-12 04:29:51', NULL),
(493, 90, 69, '2021-10-12 04:29:51', '2021-10-12 04:29:51', NULL),
(494, 77, 70, '2021-10-12 04:30:37', '2021-10-12 04:30:37', NULL),
(495, 78, 70, '2021-10-12 04:30:37', '2021-10-12 04:30:37', NULL),
(496, 79, 70, '2021-10-12 04:30:37', '2021-10-12 04:30:37', NULL),
(497, 80, 70, '2021-10-12 04:30:37', '2021-10-12 04:30:37', NULL),
(498, 81, 70, '2021-10-12 04:30:37', '2021-10-12 04:30:37', NULL),
(499, 82, 70, '2021-10-12 04:30:37', '2021-10-12 04:30:37', NULL),
(500, 83, 70, '2021-10-12 04:30:37', '2021-10-12 04:30:37', NULL),
(501, 84, 70, '2021-10-12 04:30:37', '2021-10-12 04:30:37', NULL),
(502, 85, 70, '2021-10-12 04:30:37', '2021-10-12 04:30:37', NULL),
(503, 86, 70, '2021-10-12 04:30:37', '2021-10-12 04:30:37', NULL),
(504, 87, 70, '2021-10-12 04:30:37', '2021-10-12 04:30:37', NULL),
(505, 88, 70, '2021-10-12 04:30:37', '2021-10-12 04:30:37', NULL),
(506, 89, 70, '2021-10-12 04:30:37', '2021-10-12 04:30:37', NULL),
(507, 90, 70, '2021-10-12 04:30:37', '2021-10-12 04:30:37', NULL),
(508, 77, 71, '2021-10-12 04:31:29', '2021-10-12 04:31:29', NULL),
(509, 78, 71, '2021-10-12 04:31:29', '2021-10-12 04:31:29', NULL),
(510, 79, 71, '2021-10-12 04:31:29', '2021-10-12 04:31:29', NULL),
(511, 80, 71, '2021-10-12 04:31:29', '2021-10-12 04:31:29', NULL),
(512, 81, 71, '2021-10-12 04:31:29', '2021-10-12 04:31:29', NULL),
(513, 82, 71, '2021-10-12 04:31:29', '2021-10-12 04:31:29', NULL),
(514, 83, 71, '2021-10-12 04:31:29', '2021-10-12 04:31:29', NULL),
(515, 84, 71, '2021-10-12 04:31:29', '2021-10-12 04:31:29', NULL),
(516, 85, 71, '2021-10-12 04:31:29', '2021-10-12 04:31:29', NULL),
(517, 86, 71, '2021-10-12 04:31:29', '2021-10-12 04:31:29', NULL),
(518, 87, 71, '2021-10-12 04:31:29', '2021-10-12 04:31:29', NULL),
(519, 88, 71, '2021-10-12 04:31:29', '2021-10-12 04:31:29', NULL),
(520, 89, 71, '2021-10-12 04:31:29', '2021-10-12 04:31:29', NULL),
(521, 90, 71, '2021-10-12 04:31:29', '2021-10-12 04:31:29', NULL),
(522, 77, 72, '2021-10-12 04:32:14', '2021-10-12 04:32:14', NULL),
(523, 78, 72, '2021-10-12 04:32:14', '2021-10-12 04:32:14', NULL),
(524, 79, 72, '2021-10-12 04:32:14', '2021-10-12 04:32:14', NULL),
(525, 80, 72, '2021-10-12 04:32:14', '2021-10-12 04:32:14', NULL),
(526, 81, 72, '2021-10-12 04:32:14', '2021-10-12 04:32:14', NULL),
(527, 82, 72, '2021-10-12 04:32:14', '2021-10-12 04:32:14', NULL),
(528, 83, 72, '2021-10-12 04:32:14', '2021-10-12 04:32:14', NULL),
(529, 84, 72, '2021-10-12 04:32:14', '2021-10-12 04:32:14', NULL),
(530, 85, 72, '2021-10-12 04:32:14', '2021-10-12 04:32:14', NULL),
(531, 86, 72, '2021-10-12 04:32:14', '2021-10-12 04:32:14', NULL),
(532, 87, 72, '2021-10-12 04:32:14', '2021-10-12 04:32:14', NULL),
(533, 88, 72, '2021-10-12 04:32:14', '2021-10-12 04:32:14', NULL),
(534, 89, 72, '2021-10-12 04:32:14', '2021-10-12 04:32:14', NULL),
(535, 90, 72, '2021-10-12 04:32:14', '2021-10-12 04:32:14', NULL),
(536, 77, 73, '2021-10-12 04:34:13', '2021-10-12 04:34:13', NULL),
(537, 78, 73, '2021-10-12 04:34:13', '2021-10-12 04:34:13', NULL),
(538, 79, 73, '2021-10-12 04:34:13', '2021-10-12 04:34:13', NULL),
(539, 80, 73, '2021-10-12 04:34:13', '2021-10-12 04:34:13', NULL),
(540, 81, 73, '2021-10-12 04:34:13', '2021-10-12 04:34:13', NULL),
(541, 82, 73, '2021-10-12 04:34:13', '2021-10-12 04:34:13', NULL),
(542, 83, 73, '2021-10-12 04:34:13', '2021-10-12 04:34:13', NULL),
(543, 84, 73, '2021-10-12 04:34:13', '2021-10-12 04:34:13', NULL),
(544, 85, 73, '2021-10-12 04:34:13', '2021-10-12 04:34:13', NULL),
(545, 86, 73, '2021-10-12 04:34:13', '2021-10-12 04:34:13', NULL),
(546, 87, 73, '2021-10-12 04:34:13', '2021-10-12 04:34:13', NULL),
(547, 88, 73, '2021-10-12 04:34:13', '2021-10-12 04:34:13', NULL),
(548, 89, 73, '2021-10-12 04:34:13', '2021-10-12 04:34:13', NULL),
(549, 90, 73, '2021-10-12 04:34:13', '2021-10-12 04:34:13', NULL),
(550, 77, 74, '2021-10-12 04:35:04', '2021-10-12 04:35:04', NULL),
(551, 78, 74, '2021-10-12 04:35:04', '2021-10-12 04:35:04', NULL),
(552, 79, 74, '2021-10-12 04:35:04', '2021-10-12 04:35:04', NULL),
(553, 80, 74, '2021-10-12 04:35:04', '2021-10-12 04:35:04', NULL),
(554, 81, 74, '2021-10-12 04:35:04', '2021-10-12 04:35:04', NULL),
(555, 82, 74, '2021-10-12 04:35:04', '2021-10-12 04:35:04', NULL),
(556, 83, 74, '2021-10-12 04:35:04', '2021-10-12 04:35:04', NULL),
(557, 84, 74, '2021-10-12 04:35:04', '2021-10-12 04:35:04', NULL),
(558, 85, 74, '2021-10-12 04:35:04', '2021-10-12 04:35:04', NULL),
(559, 86, 74, '2021-10-12 04:35:04', '2021-10-12 04:35:04', NULL),
(560, 87, 74, '2021-10-12 04:35:04', '2021-10-12 04:35:04', NULL),
(561, 88, 74, '2021-10-12 04:35:04', '2021-10-12 04:35:04', NULL),
(562, 89, 74, '2021-10-12 04:35:04', '2021-10-12 04:35:04', NULL),
(563, 90, 74, '2021-10-12 04:35:04', '2021-10-12 04:35:04', NULL),
(564, 77, 75, '2021-10-12 04:36:27', '2021-10-12 04:36:27', NULL),
(565, 78, 75, '2021-10-12 04:36:27', '2021-10-12 04:36:27', NULL),
(566, 79, 75, '2021-10-12 04:36:27', '2021-10-12 04:36:27', NULL),
(567, 80, 75, '2021-10-12 04:36:27', '2021-10-12 04:36:27', NULL),
(568, 81, 75, '2021-10-12 04:36:27', '2021-10-12 04:36:27', NULL),
(569, 82, 75, '2021-10-12 04:36:27', '2021-10-12 04:36:27', NULL),
(570, 83, 75, '2021-10-12 04:36:27', '2021-10-12 04:36:27', NULL),
(571, 84, 75, '2021-10-12 04:36:27', '2021-10-12 04:36:27', NULL),
(572, 85, 75, '2021-10-12 04:36:27', '2021-10-12 04:36:27', NULL),
(573, 86, 75, '2021-10-12 04:36:27', '2021-10-12 04:36:27', NULL),
(574, 87, 75, '2021-10-12 04:36:27', '2021-10-12 04:36:27', NULL),
(575, 88, 75, '2021-10-12 04:36:27', '2021-10-12 04:36:27', NULL),
(576, 89, 75, '2021-10-12 04:36:27', '2021-10-12 04:36:27', NULL),
(577, 90, 75, '2021-10-12 04:36:27', '2021-10-12 04:36:27', NULL),
(578, 77, 76, '2021-10-12 04:37:10', '2021-10-12 04:37:10', NULL),
(579, 78, 76, '2021-10-12 04:37:10', '2021-10-12 04:37:10', NULL),
(580, 79, 76, '2021-10-12 04:37:10', '2021-10-12 04:37:10', NULL),
(581, 80, 76, '2021-10-12 04:37:10', '2021-10-12 04:37:10', NULL),
(582, 81, 76, '2021-10-12 04:37:10', '2021-10-12 04:37:10', NULL),
(583, 82, 76, '2021-10-12 04:37:10', '2021-10-12 04:37:10', NULL),
(584, 83, 76, '2021-10-12 04:37:10', '2021-10-12 04:37:10', NULL),
(585, 84, 76, '2021-10-12 04:37:10', '2021-10-12 04:37:10', NULL),
(586, 85, 76, '2021-10-12 04:37:10', '2021-10-12 04:37:10', NULL),
(587, 86, 76, '2021-10-12 04:37:10', '2021-10-12 04:37:10', NULL),
(588, 87, 76, '2021-10-12 04:37:10', '2021-10-12 04:37:10', NULL),
(589, 88, 76, '2021-10-12 04:37:10', '2021-10-12 04:37:10', NULL),
(590, 89, 76, '2021-10-12 04:37:10', '2021-10-12 04:37:10', NULL),
(591, 90, 76, '2021-10-12 04:37:10', '2021-10-12 04:37:10', NULL),
(592, 77, 77, '2021-10-12 04:37:58', '2021-10-12 04:37:58', NULL),
(593, 78, 77, '2021-10-12 04:37:58', '2021-10-12 04:37:58', NULL),
(594, 79, 77, '2021-10-12 04:37:58', '2021-10-12 04:37:58', NULL),
(595, 80, 77, '2021-10-12 04:37:58', '2021-10-12 04:37:58', NULL),
(596, 81, 77, '2021-10-12 04:37:58', '2021-10-12 04:37:58', NULL),
(597, 82, 77, '2021-10-12 04:37:58', '2021-10-12 04:37:58', NULL),
(598, 83, 77, '2021-10-12 04:37:58', '2021-10-12 04:37:58', NULL),
(599, 84, 77, '2021-10-12 04:37:58', '2021-10-12 04:37:58', NULL),
(600, 85, 77, '2021-10-12 04:37:58', '2021-10-12 04:37:58', NULL),
(601, 86, 77, '2021-10-12 04:37:58', '2021-10-12 04:37:58', NULL),
(602, 87, 77, '2021-10-12 04:37:58', '2021-10-12 04:37:58', NULL),
(603, 88, 77, '2021-10-12 04:37:58', '2021-10-12 04:37:58', NULL),
(604, 89, 77, '2021-10-12 04:37:58', '2021-10-12 04:37:58', NULL),
(605, 90, 77, '2021-10-12 04:37:58', '2021-10-12 04:37:58', NULL),
(606, 77, 78, '2021-10-12 04:38:47', '2021-10-12 04:38:47', NULL),
(607, 78, 78, '2021-10-12 04:38:47', '2021-10-12 04:38:47', NULL),
(608, 79, 78, '2021-10-12 04:38:47', '2021-10-12 04:38:47', NULL),
(609, 80, 78, '2021-10-12 04:38:47', '2021-10-12 04:38:47', NULL),
(610, 81, 78, '2021-10-12 04:38:47', '2021-10-12 04:38:47', NULL),
(611, 82, 78, '2021-10-12 04:38:47', '2021-10-12 04:38:47', NULL),
(612, 83, 78, '2021-10-12 04:38:47', '2021-10-12 04:38:47', NULL),
(613, 84, 78, '2021-10-12 04:38:47', '2021-10-12 04:38:47', NULL),
(614, 85, 78, '2021-10-12 04:38:47', '2021-10-12 04:38:47', NULL),
(615, 86, 78, '2021-10-12 04:38:47', '2021-10-12 04:38:47', NULL),
(616, 87, 78, '2021-10-12 04:38:47', '2021-10-12 04:38:47', NULL),
(617, 88, 78, '2021-10-12 04:38:47', '2021-10-12 04:38:47', NULL),
(618, 89, 78, '2021-10-12 04:38:47', '2021-10-12 04:38:47', NULL),
(619, 90, 78, '2021-10-12 04:38:47', '2021-10-12 04:38:47', NULL),
(620, 77, 79, '2021-10-12 04:40:18', '2021-10-12 04:40:18', NULL),
(621, 78, 79, '2021-10-12 04:40:18', '2021-10-12 04:40:18', NULL),
(622, 79, 79, '2021-10-12 04:40:18', '2021-10-12 04:40:18', NULL),
(623, 80, 79, '2021-10-12 04:40:18', '2021-10-12 04:40:18', NULL),
(624, 81, 79, '2021-10-12 04:40:18', '2021-10-12 04:40:18', NULL),
(625, 82, 79, '2021-10-12 04:40:18', '2021-10-12 04:40:18', NULL),
(626, 83, 79, '2021-10-12 04:40:18', '2021-10-12 04:40:18', NULL),
(627, 84, 79, '2021-10-12 04:40:18', '2021-10-12 04:40:18', NULL),
(628, 85, 79, '2021-10-12 04:40:18', '2021-10-12 04:40:18', NULL),
(629, 86, 79, '2021-10-12 04:40:18', '2021-10-12 04:40:18', NULL),
(630, 87, 79, '2021-10-12 04:40:18', '2021-10-12 04:40:18', NULL),
(631, 88, 79, '2021-10-12 04:40:18', '2021-10-12 04:40:18', NULL),
(632, 89, 79, '2021-10-12 04:40:18', '2021-10-12 04:40:18', NULL),
(633, 90, 79, '2021-10-12 04:40:18', '2021-10-12 04:40:18', NULL),
(634, 77, 80, '2021-10-12 04:41:03', '2021-10-12 04:41:03', NULL),
(635, 78, 80, '2021-10-12 04:41:03', '2021-10-12 04:41:03', NULL),
(636, 79, 80, '2021-10-12 04:41:03', '2021-10-12 04:41:03', NULL),
(637, 80, 80, '2021-10-12 04:41:03', '2021-10-12 04:41:03', NULL),
(638, 81, 80, '2021-10-12 04:41:03', '2021-10-12 04:41:03', NULL),
(639, 82, 80, '2021-10-12 04:41:03', '2021-10-12 04:41:03', NULL),
(640, 83, 80, '2021-10-12 04:41:03', '2021-10-12 04:41:03', NULL),
(641, 84, 80, '2021-10-12 04:41:03', '2021-10-12 04:41:03', NULL),
(642, 85, 80, '2021-10-12 04:41:03', '2021-10-12 04:41:03', NULL),
(643, 86, 80, '2021-10-12 04:41:03', '2021-10-12 04:41:03', NULL),
(644, 87, 80, '2021-10-12 04:41:03', '2021-10-12 04:41:03', NULL),
(645, 88, 80, '2021-10-12 04:41:03', '2021-10-12 04:41:03', NULL),
(646, 89, 80, '2021-10-12 04:41:03', '2021-10-12 04:41:03', NULL),
(647, 90, 80, '2021-10-12 04:41:03', '2021-10-12 04:41:03', NULL),
(648, 77, 81, '2021-10-12 04:41:39', '2021-10-12 04:41:39', NULL),
(649, 78, 81, '2021-10-12 04:41:39', '2021-10-12 04:41:39', NULL),
(650, 79, 81, '2021-10-12 04:41:39', '2021-10-12 04:41:39', NULL),
(651, 80, 81, '2021-10-12 04:41:39', '2021-10-12 04:41:39', NULL),
(652, 81, 81, '2021-10-12 04:41:39', '2021-10-12 04:41:39', NULL),
(653, 82, 81, '2021-10-12 04:41:39', '2021-10-12 04:41:39', NULL),
(654, 83, 81, '2021-10-12 04:41:39', '2021-10-12 04:41:39', NULL),
(655, 84, 81, '2021-10-12 04:41:39', '2021-10-12 04:41:39', NULL),
(656, 85, 81, '2021-10-12 04:41:39', '2021-10-12 04:41:39', NULL),
(657, 86, 81, '2021-10-12 04:41:39', '2021-10-12 04:41:39', NULL),
(658, 87, 81, '2021-10-12 04:41:39', '2021-10-12 04:41:39', NULL),
(659, 88, 81, '2021-10-12 04:41:39', '2021-10-12 04:41:39', NULL),
(660, 89, 81, '2021-10-12 04:41:39', '2021-10-12 04:41:39', NULL),
(661, 90, 81, '2021-10-12 04:41:39', '2021-10-12 04:41:39', NULL),
(662, 77, 82, '2021-10-12 04:42:57', '2021-10-12 04:42:57', NULL),
(663, 78, 82, '2021-10-12 04:42:57', '2021-10-12 04:42:57', NULL),
(664, 79, 82, '2021-10-12 04:42:57', '2021-10-12 04:42:57', NULL),
(665, 80, 82, '2021-10-12 04:42:57', '2021-10-12 04:42:57', NULL),
(666, 81, 82, '2021-10-12 04:42:57', '2021-10-12 04:42:57', NULL),
(667, 82, 82, '2021-10-12 04:42:57', '2021-10-12 04:42:57', NULL),
(668, 83, 82, '2021-10-12 04:42:57', '2021-10-12 04:42:57', NULL),
(669, 84, 82, '2021-10-12 04:42:57', '2021-10-12 04:42:57', NULL),
(670, 85, 82, '2021-10-12 04:42:57', '2021-10-12 04:42:57', NULL),
(671, 86, 82, '2021-10-12 04:42:57', '2021-10-12 04:42:57', NULL),
(672, 87, 82, '2021-10-12 04:42:57', '2021-10-12 04:42:57', NULL),
(673, 88, 82, '2021-10-12 04:42:57', '2021-10-12 04:42:57', NULL),
(674, 89, 82, '2021-10-12 04:42:57', '2021-10-12 04:42:57', NULL),
(675, 90, 82, '2021-10-12 04:42:57', '2021-10-12 04:42:57', NULL),
(676, 77, 83, '2021-10-12 04:43:28', '2021-10-12 04:43:28', NULL),
(677, 78, 83, '2021-10-12 04:43:28', '2021-10-12 04:43:28', NULL),
(678, 79, 83, '2021-10-12 04:43:28', '2021-10-12 04:43:28', NULL),
(679, 80, 83, '2021-10-12 04:43:28', '2021-10-12 04:43:28', NULL),
(680, 81, 83, '2021-10-12 04:43:28', '2021-10-12 04:43:28', NULL),
(681, 82, 83, '2021-10-12 04:43:28', '2021-10-12 04:43:28', NULL),
(682, 83, 83, '2021-10-12 04:43:28', '2021-10-12 04:43:28', NULL),
(683, 84, 83, '2021-10-12 04:43:28', '2021-10-12 04:43:28', NULL),
(684, 85, 83, '2021-10-12 04:43:28', '2021-10-12 04:43:28', NULL),
(685, 86, 83, '2021-10-12 04:43:28', '2021-10-12 04:43:28', NULL),
(686, 87, 83, '2021-10-12 04:43:28', '2021-10-12 04:43:28', NULL),
(687, 88, 83, '2021-10-12 04:43:28', '2021-10-12 04:43:28', NULL),
(688, 89, 83, '2021-10-12 04:43:28', '2021-10-12 04:43:28', NULL),
(689, 90, 83, '2021-10-12 04:43:28', '2021-10-12 04:43:28', NULL),
(690, 77, 84, '2021-10-12 04:44:09', '2021-10-12 04:44:09', NULL),
(691, 78, 84, '2021-10-12 04:44:09', '2021-10-12 04:44:09', NULL),
(692, 79, 84, '2021-10-12 04:44:09', '2021-10-12 04:44:09', NULL),
(693, 80, 84, '2021-10-12 04:44:09', '2021-10-12 04:44:09', NULL),
(694, 81, 84, '2021-10-12 04:44:09', '2021-10-12 04:44:09', NULL),
(695, 82, 84, '2021-10-12 04:44:09', '2021-10-12 04:44:09', NULL),
(696, 83, 84, '2021-10-12 04:44:09', '2021-10-12 04:44:09', NULL),
(697, 84, 84, '2021-10-12 04:44:09', '2021-10-12 04:44:09', NULL),
(698, 85, 84, '2021-10-12 04:44:09', '2021-10-12 04:44:09', NULL),
(699, 86, 84, '2021-10-12 04:44:09', '2021-10-12 04:44:09', NULL),
(700, 87, 84, '2021-10-12 04:44:09', '2021-10-12 04:44:09', NULL),
(701, 88, 84, '2021-10-12 04:44:09', '2021-10-12 04:44:09', NULL),
(702, 89, 84, '2021-10-12 04:44:09', '2021-10-12 04:44:09', NULL),
(703, 90, 84, '2021-10-12 04:44:09', '2021-10-12 04:44:09', NULL),
(704, 77, 85, '2021-10-12 04:45:06', '2021-10-12 04:45:06', NULL),
(705, 78, 85, '2021-10-12 04:45:06', '2021-10-12 04:45:06', NULL),
(706, 79, 85, '2021-10-12 04:45:06', '2021-10-12 04:45:06', NULL),
(707, 80, 85, '2021-10-12 04:45:06', '2021-10-12 04:45:06', NULL),
(708, 81, 85, '2021-10-12 04:45:06', '2021-10-12 04:45:06', NULL),
(709, 82, 85, '2021-10-12 04:45:06', '2021-10-12 04:45:06', NULL),
(710, 83, 85, '2021-10-12 04:45:06', '2021-10-12 04:45:06', NULL),
(711, 84, 85, '2021-10-12 04:45:06', '2021-10-12 04:45:06', NULL),
(712, 85, 85, '2021-10-12 04:45:06', '2021-10-12 04:45:06', NULL),
(713, 86, 85, '2021-10-12 04:45:06', '2021-10-12 04:45:06', NULL),
(714, 87, 85, '2021-10-12 04:45:06', '2021-10-12 04:45:06', NULL),
(715, 88, 85, '2021-10-12 04:45:06', '2021-10-12 04:45:06', NULL),
(716, 89, 85, '2021-10-12 04:45:06', '2021-10-12 04:45:06', NULL),
(717, 90, 85, '2021-10-12 04:45:06', '2021-10-12 04:45:06', NULL),
(718, 77, 86, '2021-10-12 04:45:45', '2021-10-12 04:45:45', NULL),
(719, 78, 86, '2021-10-12 04:45:45', '2021-10-12 04:45:45', NULL),
(720, 79, 86, '2021-10-12 04:45:45', '2021-10-12 04:45:45', NULL),
(721, 80, 86, '2021-10-12 04:45:45', '2021-10-12 04:45:45', NULL),
(722, 81, 86, '2021-10-12 04:45:45', '2021-10-12 04:45:45', NULL),
(723, 82, 86, '2021-10-12 04:45:45', '2021-10-12 04:45:45', NULL),
(724, 83, 86, '2021-10-12 04:45:45', '2021-10-12 04:45:45', NULL),
(725, 84, 86, '2021-10-12 04:45:45', '2021-10-12 04:45:45', NULL),
(726, 85, 86, '2021-10-12 04:45:45', '2021-10-12 04:45:45', NULL),
(727, 86, 86, '2021-10-12 04:45:45', '2021-10-12 04:45:45', NULL),
(728, 87, 86, '2021-10-12 04:45:45', '2021-10-12 04:45:45', NULL),
(729, 88, 86, '2021-10-12 04:45:45', '2021-10-12 04:45:45', NULL),
(730, 89, 86, '2021-10-12 04:45:45', '2021-10-12 04:45:45', NULL),
(731, 90, 86, '2021-10-12 04:45:45', '2021-10-12 04:45:45', NULL),
(732, 77, 87, '2021-10-12 04:46:28', '2021-10-12 04:46:28', NULL),
(733, 78, 87, '2021-10-12 04:46:28', '2021-10-12 04:46:28', NULL),
(734, 79, 87, '2021-10-12 04:46:28', '2021-10-12 04:46:28', NULL),
(735, 80, 87, '2021-10-12 04:46:28', '2021-10-12 04:46:28', NULL),
(736, 81, 87, '2021-10-12 04:46:28', '2021-10-12 04:46:28', NULL),
(737, 82, 87, '2021-10-12 04:46:28', '2021-10-12 04:46:28', NULL),
(738, 83, 87, '2021-10-12 04:46:28', '2021-10-12 04:46:28', NULL),
(739, 84, 87, '2021-10-12 04:46:28', '2021-10-12 04:46:28', NULL),
(740, 85, 87, '2021-10-12 04:46:28', '2021-10-12 04:46:28', NULL),
(741, 86, 87, '2021-10-12 04:46:28', '2021-10-12 04:46:28', NULL),
(742, 87, 87, '2021-10-12 04:46:28', '2021-10-12 04:46:28', NULL),
(743, 88, 87, '2021-10-12 04:46:28', '2021-10-12 04:46:28', NULL),
(744, 89, 87, '2021-10-12 04:46:28', '2021-10-12 04:46:28', NULL),
(745, 90, 87, '2021-10-12 04:46:28', '2021-10-12 04:46:28', NULL),
(746, 77, 88, '2021-10-12 04:47:43', '2021-10-12 04:47:43', NULL),
(747, 78, 88, '2021-10-12 04:47:43', '2021-10-12 04:47:43', NULL),
(748, 79, 88, '2021-10-12 04:47:43', '2021-10-12 04:47:43', NULL),
(749, 80, 88, '2021-10-12 04:47:43', '2021-10-12 04:47:43', NULL),
(750, 81, 88, '2021-10-12 04:47:43', '2021-10-12 04:47:43', NULL),
(751, 82, 88, '2021-10-12 04:47:43', '2021-10-12 04:47:43', NULL),
(752, 83, 88, '2021-10-12 04:47:43', '2021-10-12 04:47:43', NULL),
(753, 84, 88, '2021-10-12 04:47:43', '2021-10-12 04:47:43', NULL),
(754, 85, 88, '2021-10-12 04:47:43', '2021-10-12 04:47:43', NULL),
(755, 86, 88, '2021-10-12 04:47:43', '2021-10-12 04:47:43', NULL),
(756, 87, 88, '2021-10-12 04:47:43', '2021-10-12 04:47:43', NULL),
(757, 88, 88, '2021-10-12 04:47:43', '2021-10-12 04:47:43', NULL),
(758, 89, 88, '2021-10-12 04:47:43', '2021-10-12 04:47:43', NULL),
(759, 90, 88, '2021-10-12 04:47:43', '2021-10-12 04:47:43', NULL),
(760, 77, 89, '2021-10-12 04:48:22', '2021-10-12 04:48:22', NULL),
(761, 78, 89, '2021-10-12 04:48:22', '2021-10-12 04:48:22', NULL),
(762, 79, 89, '2021-10-12 04:48:22', '2021-10-12 04:48:22', NULL),
(763, 80, 89, '2021-10-12 04:48:22', '2021-10-12 04:48:22', NULL),
(764, 81, 89, '2021-10-12 04:48:22', '2021-10-12 04:48:22', NULL),
(765, 82, 89, '2021-10-12 04:48:22', '2021-10-12 04:48:22', NULL),
(766, 83, 89, '2021-10-12 04:48:22', '2021-10-12 04:48:22', NULL),
(767, 84, 89, '2021-10-12 04:48:22', '2021-10-12 04:48:22', NULL),
(768, 85, 89, '2021-10-12 04:48:22', '2021-10-12 04:48:22', NULL),
(769, 86, 89, '2021-10-12 04:48:22', '2021-10-12 04:48:22', NULL),
(770, 87, 89, '2021-10-12 04:48:22', '2021-10-12 04:48:22', NULL),
(771, 88, 89, '2021-10-12 04:48:22', '2021-10-12 04:48:22', NULL),
(772, 89, 89, '2021-10-12 04:48:22', '2021-10-12 04:48:22', NULL),
(773, 90, 89, '2021-10-12 04:48:22', '2021-10-12 04:48:22', NULL),
(774, 77, 90, '2021-10-12 04:49:37', '2021-10-12 04:49:37', NULL),
(775, 78, 90, '2021-10-12 04:49:37', '2021-10-12 04:49:37', NULL),
(776, 79, 90, '2021-10-12 04:49:37', '2021-10-12 04:49:37', NULL),
(777, 80, 90, '2021-10-12 04:49:37', '2021-10-12 04:49:37', NULL),
(778, 81, 90, '2021-10-12 04:49:37', '2021-10-12 04:49:37', NULL),
(779, 82, 90, '2021-10-12 04:49:37', '2021-10-12 04:49:37', NULL),
(780, 83, 90, '2021-10-12 04:49:37', '2021-10-12 04:49:37', NULL),
(781, 84, 90, '2021-10-12 04:49:37', '2021-10-12 04:49:37', NULL),
(782, 85, 90, '2021-10-12 04:49:37', '2021-10-12 04:49:37', NULL),
(783, 86, 90, '2021-10-12 04:49:37', '2021-10-12 04:49:37', NULL),
(784, 87, 90, '2021-10-12 04:49:37', '2021-10-12 04:49:37', NULL),
(785, 88, 90, '2021-10-12 04:49:37', '2021-10-12 04:49:37', NULL),
(786, 89, 90, '2021-10-12 04:49:37', '2021-10-12 04:49:37', NULL),
(787, 90, 90, '2021-10-12 04:49:37', '2021-10-12 04:49:37', NULL),
(788, 77, 91, '2021-10-12 04:50:34', '2021-10-12 04:50:34', NULL),
(789, 78, 91, '2021-10-12 04:50:34', '2021-10-12 04:50:34', NULL),
(790, 79, 91, '2021-10-12 04:50:34', '2021-10-12 04:50:34', NULL),
(791, 80, 91, '2021-10-12 04:50:34', '2021-10-12 04:50:34', NULL),
(792, 81, 91, '2021-10-12 04:50:34', '2021-10-12 04:50:34', NULL),
(793, 82, 91, '2021-10-12 04:50:34', '2021-10-12 04:50:34', NULL),
(794, 83, 91, '2021-10-12 04:50:34', '2021-10-12 04:50:34', NULL),
(795, 84, 91, '2021-10-12 04:50:34', '2021-10-12 04:50:34', NULL),
(796, 85, 91, '2021-10-12 04:50:34', '2021-10-12 04:50:34', NULL),
(797, 86, 91, '2021-10-12 04:50:34', '2021-10-12 04:50:34', NULL),
(798, 87, 91, '2021-10-12 04:50:34', '2021-10-12 04:50:34', NULL),
(799, 88, 91, '2021-10-12 04:50:34', '2021-10-12 04:50:34', NULL),
(800, 89, 91, '2021-10-12 04:50:34', '2021-10-12 04:50:34', NULL),
(801, 90, 91, '2021-10-12 04:50:34', '2021-10-12 04:50:34', NULL),
(802, 77, 92, '2021-10-12 04:51:15', '2021-10-12 04:51:15', NULL),
(803, 78, 92, '2021-10-12 04:51:15', '2021-10-12 04:51:15', NULL),
(804, 79, 92, '2021-10-12 04:51:15', '2021-10-12 04:51:15', NULL),
(805, 80, 92, '2021-10-12 04:51:15', '2021-10-12 04:51:15', NULL),
(806, 81, 92, '2021-10-12 04:51:15', '2021-10-12 04:51:15', NULL),
(807, 82, 92, '2021-10-12 04:51:15', '2021-10-12 04:51:15', NULL),
(808, 83, 92, '2021-10-12 04:51:15', '2021-10-12 04:51:15', NULL),
(809, 84, 92, '2021-10-12 04:51:15', '2021-10-12 04:51:15', NULL),
(810, 85, 92, '2021-10-12 04:51:15', '2021-10-12 04:51:15', NULL),
(811, 86, 92, '2021-10-12 04:51:15', '2021-10-12 04:51:15', NULL),
(812, 87, 92, '2021-10-12 04:51:15', '2021-10-12 04:51:15', NULL),
(813, 88, 92, '2021-10-12 04:51:15', '2021-10-12 04:51:15', NULL),
(814, 89, 92, '2021-10-12 04:51:15', '2021-10-12 04:51:15', NULL),
(815, 90, 92, '2021-10-12 04:51:15', '2021-10-12 04:51:15', NULL),
(816, 77, 93, '2021-10-12 04:51:56', '2021-10-12 04:51:56', NULL),
(817, 78, 93, '2021-10-12 04:51:56', '2021-10-12 04:51:56', NULL),
(818, 79, 93, '2021-10-12 04:51:56', '2021-10-12 04:51:56', NULL),
(819, 80, 93, '2021-10-12 04:51:56', '2021-10-12 04:51:56', NULL),
(820, 81, 93, '2021-10-12 04:51:56', '2021-10-12 04:51:56', NULL),
(821, 82, 93, '2021-10-12 04:51:56', '2021-10-12 04:51:56', NULL),
(822, 83, 93, '2021-10-12 04:51:56', '2021-10-12 04:51:56', NULL),
(823, 84, 93, '2021-10-12 04:51:56', '2021-10-12 04:51:56', NULL),
(824, 85, 93, '2021-10-12 04:51:56', '2021-10-12 04:51:56', NULL),
(825, 86, 93, '2021-10-12 04:51:56', '2021-10-12 04:51:56', NULL),
(826, 87, 93, '2021-10-12 04:51:56', '2021-10-12 04:51:56', NULL),
(827, 88, 93, '2021-10-12 04:51:56', '2021-10-12 04:51:56', NULL),
(828, 89, 93, '2021-10-12 04:51:56', '2021-10-12 04:51:56', NULL),
(829, 90, 93, '2021-10-12 04:51:56', '2021-10-12 04:51:56', NULL),
(830, 77, 94, '2021-10-12 04:52:42', '2021-10-12 04:52:42', NULL),
(831, 78, 94, '2021-10-12 04:52:42', '2021-10-12 04:52:42', NULL),
(832, 79, 94, '2021-10-12 04:52:42', '2021-10-12 04:52:42', NULL),
(833, 80, 94, '2021-10-12 04:52:42', '2021-10-12 04:52:42', NULL),
(834, 81, 94, '2021-10-12 04:52:42', '2021-10-12 04:52:42', NULL),
(835, 82, 94, '2021-10-12 04:52:42', '2021-10-12 04:52:42', NULL),
(836, 83, 94, '2021-10-12 04:52:42', '2021-10-12 04:52:42', NULL),
(837, 84, 94, '2021-10-12 04:52:42', '2021-10-12 04:52:42', NULL),
(838, 85, 94, '2021-10-12 04:52:42', '2021-10-12 04:52:42', NULL),
(839, 86, 94, '2021-10-12 04:52:42', '2021-10-12 04:52:42', NULL),
(840, 87, 94, '2021-10-12 04:52:42', '2021-10-12 04:52:42', NULL),
(841, 88, 94, '2021-10-12 04:52:42', '2021-10-12 04:52:42', NULL),
(842, 89, 94, '2021-10-12 04:52:42', '2021-10-12 04:52:42', NULL),
(843, 90, 94, '2021-10-12 04:52:42', '2021-10-12 04:52:42', NULL),
(844, 77, 95, '2021-10-12 04:53:25', '2021-10-12 04:53:25', NULL),
(845, 78, 95, '2021-10-12 04:53:25', '2021-10-12 04:53:25', NULL),
(846, 79, 95, '2021-10-12 04:53:25', '2021-10-12 04:53:25', NULL),
(847, 80, 95, '2021-10-12 04:53:25', '2021-10-12 04:53:25', NULL),
(848, 81, 95, '2021-10-12 04:53:25', '2021-10-12 04:53:25', NULL),
(849, 82, 95, '2021-10-12 04:53:25', '2021-10-12 04:53:25', NULL),
(850, 83, 95, '2021-10-12 04:53:25', '2021-10-12 04:53:25', NULL),
(851, 84, 95, '2021-10-12 04:53:25', '2021-10-12 04:53:25', NULL),
(852, 85, 95, '2021-10-12 04:53:25', '2021-10-12 04:53:25', NULL),
(853, 86, 95, '2021-10-12 04:53:25', '2021-10-12 04:53:25', NULL),
(854, 87, 95, '2021-10-12 04:53:25', '2021-10-12 04:53:25', NULL),
(855, 88, 95, '2021-10-12 04:53:25', '2021-10-12 04:53:25', NULL),
(856, 89, 95, '2021-10-12 04:53:25', '2021-10-12 04:53:25', NULL),
(857, 90, 95, '2021-10-12 04:53:25', '2021-10-12 04:53:25', NULL),
(858, 77, 96, '2021-10-12 04:54:14', '2021-10-12 04:54:14', NULL),
(859, 78, 96, '2021-10-12 04:54:14', '2021-10-12 04:54:14', NULL),
(860, 79, 96, '2021-10-12 04:54:14', '2021-10-12 04:54:14', NULL),
(861, 80, 96, '2021-10-12 04:54:14', '2021-10-12 04:54:14', NULL),
(862, 81, 96, '2021-10-12 04:54:14', '2021-10-12 04:54:14', NULL),
(863, 82, 96, '2021-10-12 04:54:14', '2021-10-12 04:54:14', NULL),
(864, 83, 96, '2021-10-12 04:54:14', '2021-10-12 04:54:14', NULL),
(865, 84, 96, '2021-10-12 04:54:14', '2021-10-12 04:54:14', NULL),
(866, 85, 96, '2021-10-12 04:54:14', '2021-10-12 04:54:14', NULL),
(867, 86, 96, '2021-10-12 04:54:14', '2021-10-12 04:54:14', NULL),
(868, 87, 96, '2021-10-12 04:54:14', '2021-10-12 04:54:14', NULL),
(869, 88, 96, '2021-10-12 04:54:14', '2021-10-12 04:54:14', NULL),
(870, 89, 96, '2021-10-12 04:54:14', '2021-10-12 04:54:14', NULL),
(871, 90, 96, '2021-10-12 04:54:14', '2021-10-12 04:54:14', NULL),
(872, 77, 97, '2021-10-12 04:55:31', '2021-10-12 04:55:31', NULL),
(873, 78, 97, '2021-10-12 04:55:31', '2021-10-12 04:55:31', NULL),
(874, 79, 97, '2021-10-12 04:55:31', '2021-10-12 04:55:31', NULL),
(875, 80, 97, '2021-10-12 04:55:31', '2021-10-12 04:55:31', NULL),
(876, 81, 97, '2021-10-12 04:55:31', '2021-10-12 04:55:31', NULL),
(877, 82, 97, '2021-10-12 04:55:31', '2021-10-12 04:55:31', NULL),
(878, 83, 97, '2021-10-12 04:55:31', '2021-10-12 04:55:31', NULL),
(879, 84, 97, '2021-10-12 04:55:31', '2021-10-12 04:55:31', NULL),
(880, 85, 97, '2021-10-12 04:55:31', '2021-10-12 04:55:31', NULL),
(881, 86, 97, '2021-10-12 04:55:31', '2021-10-12 04:55:31', NULL),
(882, 87, 97, '2021-10-12 04:55:31', '2021-10-12 04:55:31', NULL),
(883, 88, 97, '2021-10-12 04:55:31', '2021-10-12 04:55:31', NULL),
(884, 89, 97, '2021-10-12 04:55:31', '2021-10-12 04:55:31', NULL),
(885, 90, 97, '2021-10-12 04:55:31', '2021-10-12 04:55:31', NULL),
(886, 77, 98, '2021-10-12 04:56:02', '2021-10-12 04:56:02', NULL),
(887, 78, 98, '2021-10-12 04:56:02', '2021-10-12 04:56:02', NULL),
(888, 79, 98, '2021-10-12 04:56:02', '2021-10-12 04:56:02', NULL),
(889, 80, 98, '2021-10-12 04:56:02', '2021-10-12 04:56:02', NULL),
(890, 81, 98, '2021-10-12 04:56:02', '2021-10-12 04:56:02', NULL),
(891, 82, 98, '2021-10-12 04:56:02', '2021-10-12 04:56:02', NULL),
(892, 83, 98, '2021-10-12 04:56:02', '2021-10-12 04:56:02', NULL),
(893, 84, 98, '2021-10-12 04:56:02', '2021-10-12 04:56:02', NULL),
(894, 85, 98, '2021-10-12 04:56:02', '2021-10-12 04:56:02', NULL),
(895, 86, 98, '2021-10-12 04:56:02', '2021-10-12 04:56:02', NULL),
(896, 87, 98, '2021-10-12 04:56:02', '2021-10-12 04:56:02', NULL),
(897, 88, 98, '2021-10-12 04:56:02', '2021-10-12 04:56:02', NULL),
(898, 89, 98, '2021-10-12 04:56:02', '2021-10-12 04:56:02', NULL),
(899, 90, 98, '2021-10-12 04:56:02', '2021-10-12 04:56:02', NULL),
(900, 77, 99, '2021-10-12 04:56:34', '2021-10-12 04:56:34', NULL),
(901, 78, 99, '2021-10-12 04:56:34', '2021-10-12 04:56:34', NULL),
(902, 79, 99, '2021-10-12 04:56:34', '2021-10-12 04:56:34', NULL),
(903, 80, 99, '2021-10-12 04:56:34', '2021-10-12 04:56:34', NULL),
(904, 81, 99, '2021-10-12 04:56:34', '2021-10-12 04:56:34', NULL),
(905, 82, 99, '2021-10-12 04:56:34', '2021-10-12 04:56:34', NULL),
(906, 83, 99, '2021-10-12 04:56:34', '2021-10-12 04:56:34', NULL),
(907, 84, 99, '2021-10-12 04:56:34', '2021-10-12 04:56:34', NULL),
(908, 85, 99, '2021-10-12 04:56:34', '2021-10-12 04:56:34', NULL),
(909, 86, 99, '2021-10-12 04:56:34', '2021-10-12 04:56:34', NULL),
(910, 87, 99, '2021-10-12 04:56:34', '2021-10-12 04:56:34', NULL),
(911, 88, 99, '2021-10-12 04:56:34', '2021-10-12 04:56:34', NULL),
(912, 89, 99, '2021-10-12 04:56:34', '2021-10-12 04:56:34', NULL),
(913, 90, 99, '2021-10-12 04:56:34', '2021-10-12 04:56:34', NULL),
(914, 77, 100, '2021-10-12 04:57:11', '2021-10-12 04:57:11', NULL),
(915, 78, 100, '2021-10-12 04:57:11', '2021-10-12 04:57:11', NULL),
(916, 79, 100, '2021-10-12 04:57:11', '2021-10-12 04:57:11', NULL),
(917, 80, 100, '2021-10-12 04:57:11', '2021-10-12 04:57:11', NULL),
(918, 81, 100, '2021-10-12 04:57:11', '2021-10-12 04:57:11', NULL),
(919, 82, 100, '2021-10-12 04:57:11', '2021-10-12 04:57:11', NULL),
(920, 83, 100, '2021-10-12 04:57:11', '2021-10-12 04:57:11', NULL),
(921, 84, 100, '2021-10-12 04:57:11', '2021-10-12 04:57:11', NULL),
(922, 85, 100, '2021-10-12 04:57:11', '2021-10-12 04:57:11', NULL),
(923, 86, 100, '2021-10-12 04:57:11', '2021-10-12 04:57:11', NULL),
(924, 87, 100, '2021-10-12 04:57:11', '2021-10-12 04:57:11', NULL),
(925, 88, 100, '2021-10-12 04:57:11', '2021-10-12 04:57:11', NULL),
(926, 89, 100, '2021-10-12 04:57:11', '2021-10-12 04:57:11', NULL),
(927, 90, 100, '2021-10-12 04:57:11', '2021-10-12 04:57:11', NULL),
(928, 77, 101, '2021-10-12 04:57:52', '2021-10-12 04:57:52', NULL),
(929, 78, 101, '2021-10-12 04:57:52', '2021-10-12 04:57:52', NULL),
(930, 79, 101, '2021-10-12 04:57:52', '2021-10-12 04:57:52', NULL),
(931, 80, 101, '2021-10-12 04:57:52', '2021-10-12 04:57:52', NULL),
(932, 81, 101, '2021-10-12 04:57:52', '2021-10-12 04:57:52', NULL),
(933, 82, 101, '2021-10-12 04:57:52', '2021-10-12 04:57:52', NULL),
(934, 83, 101, '2021-10-12 04:57:52', '2021-10-12 04:57:52', NULL),
(935, 84, 101, '2021-10-12 04:57:52', '2021-10-12 04:57:52', NULL),
(936, 85, 101, '2021-10-12 04:57:52', '2021-10-12 04:57:52', NULL),
(937, 86, 101, '2021-10-12 04:57:52', '2021-10-12 04:57:52', NULL),
(938, 87, 101, '2021-10-12 04:57:52', '2021-10-12 04:57:52', NULL),
(939, 88, 101, '2021-10-12 04:57:52', '2021-10-12 04:57:52', NULL),
(940, 89, 101, '2021-10-12 04:57:52', '2021-10-12 04:57:52', NULL),
(941, 90, 101, '2021-10-12 04:57:52', '2021-10-12 04:57:52', NULL),
(942, 77, 102, '2021-10-12 04:58:48', '2021-10-12 04:58:48', NULL),
(943, 78, 102, '2021-10-12 04:58:48', '2021-10-12 04:58:48', NULL),
(944, 79, 102, '2021-10-12 04:58:48', '2021-10-12 04:58:48', NULL),
(945, 80, 102, '2021-10-12 04:58:48', '2021-10-12 04:58:48', NULL),
(946, 81, 102, '2021-10-12 04:58:48', '2021-10-12 04:58:48', NULL),
(947, 82, 102, '2021-10-12 04:58:48', '2021-10-12 04:58:48', NULL),
(948, 83, 102, '2021-10-12 04:58:48', '2021-10-12 04:58:48', NULL),
(949, 84, 102, '2021-10-12 04:58:48', '2021-10-12 04:58:48', NULL),
(950, 85, 102, '2021-10-12 04:58:48', '2021-10-12 04:58:48', NULL),
(951, 86, 102, '2021-10-12 04:58:48', '2021-10-12 04:58:48', NULL),
(952, 87, 102, '2021-10-12 04:58:48', '2021-10-12 04:58:48', NULL),
(953, 88, 102, '2021-10-12 04:58:48', '2021-10-12 04:58:48', NULL),
(954, 89, 102, '2021-10-12 04:58:48', '2021-10-12 04:58:48', NULL),
(955, 90, 102, '2021-10-12 04:58:48', '2021-10-12 04:58:48', NULL),
(956, 77, 176, '2021-10-13 02:25:38', '2021-10-13 02:25:38', NULL),
(957, 78, 176, '2021-10-13 02:25:38', '2021-10-13 02:25:38', NULL),
(958, 79, 176, '2021-10-13 02:25:38', '2021-10-13 02:25:38', NULL),
(959, 80, 176, '2021-10-13 02:25:38', '2021-10-13 02:25:38', NULL),
(960, 81, 176, '2021-10-13 02:25:38', '2021-10-13 02:25:38', NULL),
(961, 82, 176, '2021-10-13 02:25:38', '2021-10-13 02:25:38', NULL),
(962, 83, 176, '2021-10-13 02:25:38', '2021-10-13 02:25:38', NULL),
(963, 84, 176, '2021-10-13 02:25:38', '2021-10-13 02:25:38', NULL),
(964, 85, 176, '2021-10-13 02:25:38', '2021-10-13 02:25:38', NULL),
(965, 86, 176, '2021-10-13 02:25:38', '2021-10-13 02:25:38', NULL),
(966, 87, 176, '2021-10-13 02:25:38', '2021-10-13 02:25:38', NULL),
(967, 88, 176, '2021-10-13 02:25:38', '2021-10-13 02:25:38', NULL),
(968, 89, 176, '2021-10-13 02:25:38', '2021-10-13 02:25:38', NULL),
(969, 90, 176, '2021-10-13 02:25:38', '2021-10-13 02:25:38', NULL),
(970, 77, 179, '2021-10-13 02:58:29', '2021-10-13 02:58:29', NULL),
(971, 78, 179, '2021-10-13 02:58:29', '2021-10-13 02:58:29', NULL),
(972, 79, 179, '2021-10-13 02:58:29', '2021-10-13 02:58:29', NULL),
(973, 80, 179, '2021-10-13 02:58:29', '2021-10-13 02:58:29', NULL),
(974, 81, 179, '2021-10-13 02:58:29', '2021-10-13 02:58:29', NULL),
(975, 82, 179, '2021-10-13 02:58:29', '2021-10-13 02:58:29', NULL),
(976, 83, 179, '2021-10-13 02:58:29', '2021-10-13 02:58:29', NULL),
(977, 84, 179, '2021-10-13 02:58:29', '2021-10-13 02:58:29', NULL),
(978, 85, 179, '2021-10-13 02:58:29', '2021-10-13 02:58:29', NULL),
(979, 86, 179, '2021-10-13 02:58:29', '2021-10-13 02:58:29', NULL),
(980, 87, 179, '2021-10-13 02:58:29', '2021-10-13 02:58:29', NULL),
(981, 88, 179, '2021-10-13 02:58:29', '2021-10-13 02:58:29', NULL),
(982, 89, 179, '2021-10-13 02:58:29', '2021-10-13 02:58:29', NULL),
(983, 90, 179, '2021-10-13 02:58:29', '2021-10-13 02:58:29', NULL),
(984, 94, 179, '2021-10-13 03:12:16', '2021-10-13 03:12:16', NULL),
(985, 94, 176, '2021-10-13 03:12:16', '2021-10-13 03:12:16', NULL),
(986, 77, 183, '2021-10-15 03:27:36', '2021-10-15 03:27:36', NULL),
(987, 78, 183, '2021-10-15 03:27:36', '2021-10-15 03:27:36', NULL),
(988, 79, 183, '2021-10-15 03:27:36', '2021-10-15 03:27:36', NULL),
(989, 80, 183, '2021-10-15 03:27:36', '2021-10-15 03:27:36', NULL),
(990, 81, 183, '2021-10-15 03:27:36', '2021-10-15 03:27:36', NULL),
(991, 82, 183, '2021-10-15 03:27:36', '2021-10-15 03:27:36', NULL),
(992, 83, 183, '2021-10-15 03:27:36', '2021-10-15 03:27:36', NULL),
(993, 84, 183, '2021-10-15 03:27:36', '2021-10-15 03:27:36', NULL),
(994, 85, 183, '2021-10-15 03:27:36', '2021-10-15 03:27:36', NULL),
(995, 86, 183, '2021-10-15 03:27:36', '2021-10-15 03:27:36', NULL),
(996, 87, 183, '2021-10-15 03:27:36', '2021-10-15 03:27:36', NULL),
(997, 88, 183, '2021-10-15 03:27:36', '2021-10-15 03:27:36', NULL),
(998, 89, 183, '2021-10-15 03:27:36', '2021-10-15 03:27:36', NULL),
(999, 90, 183, '2021-10-15 03:27:36', '2021-10-15 03:27:36', NULL),
(1000, 94, 183, '2021-10-15 03:27:36', '2021-10-15 03:27:36', NULL),
(1001, 77, 185, '2021-10-15 23:13:32', '2021-10-15 23:13:32', NULL),
(1002, 78, 185, '2021-10-15 23:13:32', '2021-10-15 23:13:32', NULL),
(1003, 79, 185, '2021-10-15 23:13:32', '2021-10-15 23:13:32', NULL),
(1004, 80, 185, '2021-10-15 23:13:32', '2021-10-15 23:13:32', NULL),
(1005, 81, 185, '2021-10-15 23:13:32', '2021-10-15 23:13:32', NULL),
(1006, 82, 185, '2021-10-15 23:13:32', '2021-10-15 23:13:32', NULL),
(1007, 83, 185, '2021-10-15 23:13:32', '2021-10-15 23:13:32', NULL),
(1008, 84, 185, '2021-10-15 23:13:32', '2021-10-15 23:13:32', NULL),
(1009, 85, 185, '2021-10-15 23:13:32', '2021-10-15 23:13:32', NULL),
(1010, 86, 185, '2021-10-15 23:13:32', '2021-10-15 23:13:32', NULL),
(1011, 87, 185, '2021-10-15 23:13:32', '2021-10-15 23:13:32', NULL),
(1012, 88, 185, '2021-10-15 23:13:32', '2021-10-15 23:13:32', NULL),
(1013, 89, 185, '2021-10-15 23:13:32', '2021-10-15 23:13:32', NULL),
(1014, 90, 185, '2021-10-15 23:13:32', '2021-10-15 23:13:32', NULL),
(1015, 94, 185, '2021-10-15 23:13:32', '2021-10-15 23:13:32', NULL),
(1016, 77, 189, '2021-10-17 02:54:47', '2021-10-17 02:54:47', NULL),
(1017, 78, 189, '2021-10-17 02:54:47', '2021-10-17 02:54:47', NULL);
INSERT INTO `tblusuario_modulo` (`id_modulo_usuario`, `id_modulo`, `id_usuario`, `created_at`, `updated_at`, `deleted_at`) VALUES
(1018, 79, 189, '2021-10-17 02:54:47', '2021-10-17 02:54:47', NULL),
(1019, 80, 189, '2021-10-17 02:54:47', '2021-10-17 02:54:47', NULL),
(1020, 81, 189, '2021-10-17 02:54:47', '2021-10-17 02:54:47', NULL),
(1021, 82, 189, '2021-10-17 02:54:47', '2021-10-17 02:54:47', NULL),
(1022, 83, 189, '2021-10-17 02:54:47', '2021-10-17 02:54:47', NULL),
(1023, 84, 189, '2021-10-17 02:54:47', '2021-10-17 02:54:47', NULL),
(1024, 85, 189, '2021-10-17 02:54:47', '2021-10-17 02:54:47', NULL),
(1025, 86, 189, '2021-10-17 02:54:47', '2021-10-17 02:54:47', NULL),
(1026, 87, 189, '2021-10-17 02:54:47', '2021-10-17 02:54:47', NULL),
(1027, 88, 189, '2021-10-17 02:54:47', '2021-10-17 02:54:47', NULL),
(1028, 89, 189, '2021-10-17 02:54:47', '2021-10-17 02:54:47', NULL),
(1029, 90, 189, '2021-10-17 02:54:47', '2021-10-17 02:54:47', NULL),
(1030, 94, 189, '2021-10-17 02:54:47', '2021-10-17 02:54:47', NULL);

--
-- Índices para tablas volcadas
--

--
-- Indices de la tabla `files`
--
ALTER TABLE `files`
  ADD PRIMARY KEY (`id`);

--
-- Indices de la tabla `tblcanje_oferta`
--
ALTER TABLE `tblcanje_oferta`
  ADD PRIMARY KEY (`id_canje_oferta`);

--
-- Indices de la tabla `tblcarrito`
--
ALTER TABLE `tblcarrito`
  ADD PRIMARY KEY (`id_carrito`);

--
-- Indices de la tabla `tblcliente`
--
ALTER TABLE `tblcliente`
  ADD PRIMARY KEY (`id_cliente`);

--
-- Indices de la tabla `tblcompra_detalle`
--
ALTER TABLE `tblcompra_detalle`
  ADD PRIMARY KEY (`id_compra_detalle`);

--
-- Indices de la tabla `tblcompra_especifica`
--
ALTER TABLE `tblcompra_especifica`
  ADD PRIMARY KEY (`id_compra_especifica`);

--
-- Indices de la tabla `tblcompra_general`
--
ALTER TABLE `tblcompra_general`
  ADD PRIMARY KEY (`id_compra_general`);

--
-- Indices de la tabla `tbldepartamento`
--
ALTER TABLE `tbldepartamento`
  ADD PRIMARY KEY (`id_departamento`);

--
-- Indices de la tabla `tbldependiente`
--
ALTER TABLE `tbldependiente`
  ADD PRIMARY KEY (`id_dependiente`);

--
-- Indices de la tabla `tbldocente`
--
ALTER TABLE `tbldocente`
  ADD PRIMARY KEY (`id_docente`);

--
-- Indices de la tabla `tblempleado`
--
ALTER TABLE `tblempleado`
  ADD PRIMARY KEY (`id_empleado`);

--
-- Indices de la tabla `tblempresa`
--
ALTER TABLE `tblempresa`
  ADD PRIMARY KEY (`id_empresa`);

--
-- Indices de la tabla `tblempresa_ofertante`
--
ALTER TABLE `tblempresa_ofertante`
  ADD PRIMARY KEY (`id_empresa`);

--
-- Indices de la tabla `tblhistorial_justificaciones`
--
ALTER TABLE `tblhistorial_justificaciones`
  ADD PRIMARY KEY (`id_historial`);

--
-- Indices de la tabla `tblmenu`
--
ALTER TABLE `tblmenu`
  ADD PRIMARY KEY (`id_menu`);

--
-- Indices de la tabla `tblmodulo`
--
ALTER TABLE `tblmodulo`
  ADD PRIMARY KEY (`id_modulo`);

--
-- Indices de la tabla `tblmunicipio`
--
ALTER TABLE `tblmunicipio`
  ADD PRIMARY KEY (`id_municipio`);

--
-- Indices de la tabla `tbloferta`
--
ALTER TABLE `tbloferta`
  ADD PRIMARY KEY (`id_oferta`);

--
-- Indices de la tabla `tblpais`
--
ALTER TABLE `tblpais`
  ADD PRIMARY KEY (`id_pais`);

--
-- Indices de la tabla `tblrubro`
--
ALTER TABLE `tblrubro`
  ADD PRIMARY KEY (`id_rubro`);

--
-- Indices de la tabla `tblsexo`
--
ALTER TABLE `tblsexo`
  ADD PRIMARY KEY (`id_sexo`);

--
-- Indices de la tabla `tbltarjeta`
--
ALTER TABLE `tbltarjeta`
  ADD PRIMARY KEY (`id_tarjeta`);

--
-- Indices de la tabla `tbltipo_usuario`
--
ALTER TABLE `tbltipo_usuario`
  ADD PRIMARY KEY (`id_tipo_usuario`);

--
-- Indices de la tabla `tblusuario`
--
ALTER TABLE `tblusuario`
  ADD PRIMARY KEY (`id_usuario`);

--
-- Indices de la tabla `tblusuario_modulo`
--
ALTER TABLE `tblusuario_modulo`
  ADD PRIMARY KEY (`id_modulo_usuario`);

--
-- AUTO_INCREMENT de las tablas volcadas
--

--
-- AUTO_INCREMENT de la tabla `files`
--
ALTER TABLE `files`
  MODIFY `id` int(11) NOT NULL AUTO_INCREMENT COMMENT 'Primary Key', AUTO_INCREMENT=9;

--
-- AUTO_INCREMENT de la tabla `tblcanje_oferta`
--
ALTER TABLE `tblcanje_oferta`
  MODIFY `id_canje_oferta` int(11) NOT NULL AUTO_INCREMENT;

--
-- AUTO_INCREMENT de la tabla `tblcarrito`
--
ALTER TABLE `tblcarrito`
  MODIFY `id_carrito` int(11) NOT NULL AUTO_INCREMENT, AUTO_INCREMENT=65;

--
-- AUTO_INCREMENT de la tabla `tblcliente`
--
ALTER TABLE `tblcliente`
  MODIFY `id_cliente` int(11) NOT NULL AUTO_INCREMENT, AUTO_INCREMENT=11;

--
-- AUTO_INCREMENT de la tabla `tblcompra_detalle`
--
ALTER TABLE `tblcompra_detalle`
  MODIFY `id_compra_detalle` int(11) NOT NULL AUTO_INCREMENT, AUTO_INCREMENT=164;

--
-- AUTO_INCREMENT de la tabla `tblcompra_especifica`
--
ALTER TABLE `tblcompra_especifica`
  MODIFY `id_compra_especifica` int(11) NOT NULL AUTO_INCREMENT, AUTO_INCREMENT=164;

--
-- AUTO_INCREMENT de la tabla `tblcompra_general`
--
ALTER TABLE `tblcompra_general`
  MODIFY `id_compra_general` int(11) NOT NULL AUTO_INCREMENT, AUTO_INCREMENT=26;

--
-- AUTO_INCREMENT de la tabla `tbldepartamento`
--
ALTER TABLE `tbldepartamento`
  MODIFY `id_departamento` int(11) NOT NULL AUTO_INCREMENT, AUTO_INCREMENT=15;

--
-- AUTO_INCREMENT de la tabla `tbldependiente`
--
ALTER TABLE `tbldependiente`
  MODIFY `id_dependiente` int(11) NOT NULL AUTO_INCREMENT, AUTO_INCREMENT=78;

--
-- AUTO_INCREMENT de la tabla `tbldocente`
--
ALTER TABLE `tbldocente`
  MODIFY `id_docente` int(11) NOT NULL AUTO_INCREMENT, AUTO_INCREMENT=9;

--
-- AUTO_INCREMENT de la tabla `tblempleado`
--
ALTER TABLE `tblempleado`
  MODIFY `id_empleado` int(11) NOT NULL AUTO_INCREMENT, AUTO_INCREMENT=9;

--
-- AUTO_INCREMENT de la tabla `tblempresa`
--
ALTER TABLE `tblempresa`
  MODIFY `id_empresa` int(11) NOT NULL AUTO_INCREMENT, AUTO_INCREMENT=2;

--
-- AUTO_INCREMENT de la tabla `tblempresa_ofertante`
--
ALTER TABLE `tblempresa_ofertante`
  MODIFY `id_empresa` int(11) NOT NULL AUTO_INCREMENT, AUTO_INCREMENT=42;

--
-- AUTO_INCREMENT de la tabla `tblhistorial_justificaciones`
--
ALTER TABLE `tblhistorial_justificaciones`
  MODIFY `id_historial` int(11) NOT NULL AUTO_INCREMENT;

--
-- AUTO_INCREMENT de la tabla `tblmenu`
--
ALTER TABLE `tblmenu`
  MODIFY `id_menu` int(11) NOT NULL AUTO_INCREMENT, AUTO_INCREMENT=26;

--
-- AUTO_INCREMENT de la tabla `tblmodulo`
--
ALTER TABLE `tblmodulo`
  MODIFY `id_modulo` int(11) NOT NULL AUTO_INCREMENT, AUTO_INCREMENT=100;

--
-- AUTO_INCREMENT de la tabla `tblmunicipio`
--
ALTER TABLE `tblmunicipio`
  MODIFY `id_municipio` int(11) NOT NULL AUTO_INCREMENT, AUTO_INCREMENT=263;

--
-- AUTO_INCREMENT de la tabla `tbloferta`
--
ALTER TABLE `tbloferta`
  MODIFY `id_oferta` int(11) NOT NULL AUTO_INCREMENT, AUTO_INCREMENT=79;

--
-- AUTO_INCREMENT de la tabla `tblpais`
--
ALTER TABLE `tblpais`
  MODIFY `id_pais` int(11) NOT NULL AUTO_INCREMENT, AUTO_INCREMENT=2;

--
-- AUTO_INCREMENT de la tabla `tblrubro`
--
ALTER TABLE `tblrubro`
  MODIFY `id_rubro` int(11) NOT NULL AUTO_INCREMENT, AUTO_INCREMENT=16;

--
-- AUTO_INCREMENT de la tabla `tblsexo`
--
ALTER TABLE `tblsexo`
  MODIFY `id_sexo` int(11) NOT NULL AUTO_INCREMENT, AUTO_INCREMENT=4;

--
-- AUTO_INCREMENT de la tabla `tbltarjeta`
--
ALTER TABLE `tbltarjeta`
  MODIFY `id_tarjeta` int(11) NOT NULL AUTO_INCREMENT, AUTO_INCREMENT=12;

--
-- AUTO_INCREMENT de la tabla `tbltipo_usuario`
--
ALTER TABLE `tbltipo_usuario`
  MODIFY `id_tipo_usuario` int(11) NOT NULL AUTO_INCREMENT, AUTO_INCREMENT=4;

--
-- AUTO_INCREMENT de la tabla `tblusuario`
--
ALTER TABLE `tblusuario`
  MODIFY `id_usuario` int(11) NOT NULL AUTO_INCREMENT, AUTO_INCREMENT=192;

--
-- AUTO_INCREMENT de la tabla `tblusuario_modulo`
--
ALTER TABLE `tblusuario_modulo`
  MODIFY `id_modulo_usuario` int(11) NOT NULL AUTO_INCREMENT, AUTO_INCREMENT=1031;
COMMIT;

/*!40101 SET CHARACTER_SET_CLIENT=@OLD_CHARACTER_SET_CLIENT */;
/*!40101 SET CHARACTER_SET_RESULTS=@OLD_CHARACTER_SET_RESULTS */;
/*!40101 SET COLLATION_CONNECTION=@OLD_COLLATION_CONNECTION */;
